1,0.25,-0.15,-0.15,1,10000.0
10,0.25,-0.15,-0.1,240,10000.0
100,0.25,-0.1,0.03,240,10000.0
1000,0.5,0.03,0.03,240,10000.0
1001,0.5,0.03,0.03,320,10000.0
1002,0.5,0.03,0.03,400,10000.0
1003,0.5,0.03,0.05,1,10000.0
1004,0.5,0.03,0.05,80,10000.0
1005,0.5,0.03,0.05,160,10000.0
1006,0.5,0.03,0.05,240,10000.0
1007,0.5,0.03,0.05,320,10000.0
1008,0.5,0.03,0.05,400,10000.0
1009,0.5,0.03,0.1,1,10000.0
101,0.25,-0.1,0.03,320,10000.0
1010,0.5,0.03,0.1,80,10000.0
1011,0.5,0.03,0.1,160,10000.0
1012,0.5,0.03,0.1,240,10000.0
1013,0.5,0.03,0.1,320,10000.0
1014,0.5,0.03,0.1,400,10000.0
1015,0.5,0.03,0.15,1,10000.0
1016,0.5,0.03,0.15,80,10000.0
1017,0.5,0.03,0.15,160,10000.0
1018,0.5,0.03,0.15,240,10000.0
1019,0.5,0.03,0.15,320,10000.0
102,0.25,-0.1,0.03,400,10000.0
1020,0.5,0.03,0.15,400,10000.0
1021,0.5,0.05,-0.15,1,10000.0
1022,0.5,0.05,-0.15,80,10000.0
1023,0.5,0.05,-0.15,160,10000.0
1024,0.5,0.05,-0.15,240,10000.0
1025,0.5,0.05,-0.15,320,10000.0
1026,0.5,0.05,-0.15,400,10000.0
1027,0.5,0.05,-0.1,1,10000.0
1028,0.5,0.05,-0.1,80,10000.0
1029,0.5,0.05,-0.1,160,10000.0
103,0.25,-0.1,0.05,1,10000.0
1030,0.5,0.05,-0.1,240,10000.0
1031,0.5,0.05,-0.1,320,10000.0
1032,0.5,0.05,-0.1,400,10000.0
1033,0.5,0.05,-0.05,1,10000.0
1034,0.5,0.05,-0.05,80,10000.0
1035,0.5,0.05,-0.05,160,10000.0
1036,0.5,0.05,-0.05,240,10000.0
1037,0.5,0.05,-0.05,320,10000.0
1038,0.5,0.05,-0.05,400,10000.0
1039,0.5,0.05,-0.03,1,10000.0
104,0.25,-0.1,0.05,80,10000.0
1040,0.5,0.05,-0.03,80,10000.0
1041,0.5,0.05,-0.03,160,10000.0
1042,0.5,0.05,-0.03,240,10000.0
1043,0.5,0.05,-0.03,320,10000.0
1044,0.5,0.05,-0.03,400,10000.0
1045,0.5,0.05,-0.01,1,10000.0
1046,0.5,0.05,-0.01,80,10000.0
1047,0.5,0.05,-0.01,160,10000.0
1048,0.5,0.05,-0.01,240,10000.0
1049,0.5,0.05,-0.01,320,10000.0
105,0.25,-0.1,0.05,160,10000.0
1050,0.5,0.05,-0.01,400,10000.0
1051,0.5,0.05,0.01,1,10000.0
1052,0.5,0.05,0.01,80,10000.0
1053,0.5,0.05,0.01,160,10000.0
1054,0.5,0.05,0.01,240,10000.0
1055,0.5,0.05,0.01,320,10000.0
1056,0.5,0.05,0.01,400,10000.0
1057,0.5,0.05,0.03,1,10000.0
1058,0.5,0.05,0.03,80,10000.0
1059,0.5,0.05,0.03,160,10000.0
106,0.25,-0.1,0.05,240,10000.0
1060,0.5,0.05,0.03,240,10000.0
1061,0.5,0.05,0.03,320,10000.0
1062,0.5,0.05,0.03,400,10000.0
1063,0.5,0.05,0.05,1,10000.0
1064,0.5,0.05,0.05,80,10000.0
1065,0.5,0.05,0.05,160,10000.0
1066,0.5,0.05,0.05,240,10000.0
1067,0.5,0.05,0.05,320,10000.0
1068,0.5,0.05,0.05,400,10000.0
1069,0.5,0.05,0.1,1,10000.0
107,0.25,-0.1,0.05,320,10000.0
1070,0.5,0.05,0.1,80,10000.0
1071,0.5,0.05,0.1,160,10000.0
1072,0.5,0.05,0.1,240,10000.0
1073,0.5,0.05,0.1,320,10000.0
1074,0.5,0.05,0.1,400,10000.0
1075,0.5,0.05,0.15,1,10000.0
1076,0.5,0.05,0.15,80,10000.0
1077,0.5,0.05,0.15,160,10000.0
1078,0.5,0.05,0.15,240,10000.0
1079,0.5,0.05,0.15,320,10000.0
108,0.25,-0.1,0.05,400,10000.0
1080,0.5,0.05,0.15,400,10000.0
1081,0.5,0.1,-0.15,1,10000.0
1082,0.5,0.1,-0.15,80,10000.0
1083,0.5,0.1,-0.15,160,10000.0
1084,0.5,0.1,-0.15,240,10000.0
1085,0.5,0.1,-0.15,320,10000.0
1086,0.5,0.1,-0.15,400,10000.0
1087,0.5,0.1,-0.1,1,10000.0
1088,0.5,0.1,-0.1,80,10000.0
1089,0.5,0.1,-0.1,160,10000.0
109,0.25,-0.1,0.1,1,10000.0
1090,0.5,0.1,-0.1,240,10000.0
1091,0.5,0.1,-0.1,320,10000.0
1092,0.5,0.1,-0.1,400,10000.0
1093,0.5,0.1,-0.05,1,10000.0
1094,0.5,0.1,-0.05,80,10000.0
1095,0.5,0.1,-0.05,160,10000.0
1096,0.5,0.1,-0.05,240,10000.0
1097,0.5,0.1,-0.05,320,10000.0
1098,0.5,0.1,-0.05,400,10000.0
1099,0.5,0.1,-0.03,1,10000.0
11,0.25,-0.15,-0.1,320,10000.0
110,0.25,-0.1,0.1,80,10000.0
1100,0.5,0.1,-0.03,80,10000.0
1101,0.5,0.1,-0.03,160,10000.0
1102,0.5,0.1,-0.03,240,10000.0
1103,0.5,0.1,-0.03,320,10000.0
1104,0.5,0.1,-0.03,400,10000.0
1105,0.5,0.1,-0.01,1,10000.0
1106,0.5,0.1,-0.01,80,10000.0
1107,0.5,0.1,-0.01,160,10000.0
1108,0.5,0.1,-0.01,240,10000.0
1109,0.5,0.1,-0.01,320,10000.0
111,0.25,-0.1,0.1,160,10000.0
1110,0.5,0.1,-0.01,400,10000.0
1111,0.5,0.1,0.01,1,10000.0
1112,0.5,0.1,0.01,80,10000.0
1113,0.5,0.1,0.01,160,10000.0
1114,0.5,0.1,0.01,240,10000.0
1115,0.5,0.1,0.01,320,10000.0
1116,0.5,0.1,0.01,400,10000.0
1117,0.5,0.1,0.03,1,10000.0
1118,0.5,0.1,0.03,80,10000.0
1119,0.5,0.1,0.03,160,10000.0
112,0.25,-0.1,0.1,240,10000.0
1120,0.5,0.1,0.03,240,10000.0
1121,0.5,0.1,0.03,320,10000.0
1122,0.5,0.1,0.03,400,10000.0
1123,0.5,0.1,0.05,1,10000.0
1124,0.5,0.1,0.05,80,10000.0
1125,0.5,0.1,0.05,160,10000.0
1126,0.5,0.1,0.05,240,10000.0
1127,0.5,0.1,0.05,320,10000.0
1128,0.5,0.1,0.05,400,10000.0
1129,0.5,0.1,0.1,1,10000.0
113,0.25,-0.1,0.1,320,10000.0
1130,0.5,0.1,0.1,80,10000.0
1131,0.5,0.1,0.1,160,10000.0
1132,0.5,0.1,0.1,240,10000.0
1133,0.5,0.1,0.1,320,10000.0
1134,0.5,0.1,0.1,400,10000.0
1135,0.5,0.1,0.15,1,10000.0
1136,0.5,0.1,0.15,80,10000.0
1137,0.5,0.1,0.15,160,10000.0
1138,0.5,0.1,0.15,240,10000.0
1139,0.5,0.1,0.15,320,10000.0
114,0.25,-0.1,0.1,400,10000.0
1140,0.5,0.1,0.15,400,10000.0
1141,0.5,0.15,-0.15,1,10000.0
1142,0.5,0.15,-0.15,80,10000.0
1143,0.5,0.15,-0.15,160,10000.0
1144,0.5,0.15,-0.15,240,10000.0
1145,0.5,0.15,-0.15,320,10000.0
1146,0.5,0.15,-0.15,400,10000.0
1147,0.5,0.15,-0.1,1,10000.0
1148,0.5,0.15,-0.1,80,10000.0
1149,0.5,0.15,-0.1,160,10000.0
115,0.25,-0.1,0.15,1,10000.0
1150,0.5,0.15,-0.1,240,10000.0
1151,0.5,0.15,-0.1,320,10000.0
1152,0.5,0.15,-0.1,400,10000.0
1153,0.5,0.15,-0.05,1,10000.0
1154,0.5,0.15,-0.05,80,10000.0
1155,0.5,0.15,-0.05,160,10000.0
1156,0.5,0.15,-0.05,240,10000.0
1157,0.5,0.15,-0.05,320,10000.0
1158,0.5,0.15,-0.05,400,10000.0
1159,0.5,0.15,-0.03,1,10000.0
116,0.25,-0.1,0.15,80,10000.0
1160,0.5,0.15,-0.03,80,10000.0
1161,0.5,0.15,-0.03,160,10000.0
1162,0.5,0.15,-0.03,240,10000.0
1163,0.5,0.15,-0.03,320,10000.0
1164,0.5,0.15,-0.03,400,10000.0
1165,0.5,0.15,-0.01,1,10000.0
1166,0.5,0.15,-0.01,80,10000.0
1167,0.5,0.15,-0.01,160,10000.0
1168,0.5,0.15,-0.01,240,10000.0
1169,0.5,0.15,-0.01,320,10000.0
117,0.25,-0.1,0.15,160,10000.0
1170,0.5,0.15,-0.01,400,10000.0
1171,0.5,0.15,0.01,1,10000.0
1172,0.5,0.15,0.01,80,10000.0
1173,0.5,0.15,0.01,160,10000.0
1174,0.5,0.15,0.01,240,10000.0
1175,0.5,0.15,0.01,320,10000.0
1176,0.5,0.15,0.01,400,10000.0
1177,0.5,0.15,0.03,1,10000.0
1178,0.5,0.15,0.03,80,10000.0
1179,0.5,0.15,0.03,160,10000.0
118,0.25,-0.1,0.15,240,10000.0
1180,0.5,0.15,0.03,240,10000.0
1181,0.5,0.15,0.03,320,10000.0
1182,0.5,0.15,0.03,400,10000.0
1183,0.5,0.15,0.05,1,10000.0
1184,0.5,0.15,0.05,80,10000.0
1185,0.5,0.15,0.05,160,10000.0
1186,0.5,0.15,0.05,240,10000.0
1187,0.5,0.15,0.05,320,10000.0
1188,0.5,0.15,0.05,400,10000.0
1189,0.5,0.15,0.1,1,10000.0
119,0.25,-0.1,0.15,320,10000.0
1190,0.5,0.15,0.1,80,10000.0
1191,0.5,0.15,0.1,160,10000.0
1192,0.5,0.15,0.1,240,10000.0
1193,0.5,0.15,0.1,320,10000.0
1194,0.5,0.15,0.1,400,10000.0
1195,0.5,0.15,0.15,1,10000.0
1196,0.5,0.15,0.15,80,10000.0
1197,0.5,0.15,0.15,160,10000.0
1198,0.5,0.15,0.15,240,10000.0
1199,0.5,0.15,0.15,320,10000.0
12,0.25,-0.15,-0.1,400,10000.0
120,0.25,-0.1,0.15,400,10000.0
1200,0.5,0.15,0.15,400,10000.0
1201,0.75,-0.15,-0.15,1,10000.0
1202,0.75,-0.15,-0.15,80,10000.0
1203,0.75,-0.15,-0.15,160,10000.0
1204,0.75,-0.15,-0.15,240,10000.0
1205,0.75,-0.15,-0.15,320,10000.0
1206,0.75,-0.15,-0.15,400,10000.0
1207,0.75,-0.15,-0.1,1,10000.0
1208,0.75,-0.15,-0.1,80,10000.0
1209,0.75,-0.15,-0.1,160,10000.0
121,0.25,-0.05,-0.15,1,10000.0
1210,0.75,-0.15,-0.1,240,10000.0
1211,0.75,-0.15,-0.1,320,10000.0
1212,0.75,-0.15,-0.1,400,10000.0
1213,0.75,-0.15,-0.05,1,10000.0
1214,0.75,-0.15,-0.05,80,10000.0
1215,0.75,-0.15,-0.05,160,10000.0
1216,0.75,-0.15,-0.05,240,10000.0
1217,0.75,-0.15,-0.05,320,10000.0
1218,0.75,-0.15,-0.05,400,10000.0
1219,0.75,-0.15,-0.03,1,10000.0
122,0.25,-0.05,-0.15,80,10000.0
1220,0.75,-0.15,-0.03,80,10000.0
1221,0.75,-0.15,-0.03,160,10000.0
1222,0.75,-0.15,-0.03,240,10000.0
1223,0.75,-0.15,-0.03,320,10000.0
1224,0.75,-0.15,-0.03,400,10000.0
1225,0.75,-0.15,-0.01,1,10000.0
1226,0.75,-0.15,-0.01,80,10000.0
1227,0.75,-0.15,-0.01,160,10000.0
1228,0.75,-0.15,-0.01,240,10000.0
1229,0.75,-0.15,-0.01,320,10000.0
123,0.25,-0.05,-0.15,160,10000.0
1230,0.75,-0.15,-0.01,400,10000.0
1231,0.75,-0.15,0.01,1,10000.0
1232,0.75,-0.15,0.01,80,10000.0
1233,0.75,-0.15,0.01,160,10000.0
1234,0.75,-0.15,0.01,240,10000.0
1235,0.75,-0.15,0.01,320,10000.0
1236,0.75,-0.15,0.01,400,10000.0
1237,0.75,-0.15,0.03,1,10000.0
1238,0.75,-0.15,0.03,80,10000.0
1239,0.75,-0.15,0.03,160,10000.0
124,0.25,-0.05,-0.15,240,10000.0
1240,0.75,-0.15,0.03,240,10000.0
1241,0.75,-0.15,0.03,320,10000.0
1242,0.75,-0.15,0.03,400,10000.0
1243,0.75,-0.15,0.05,1,10000.0
1244,0.75,-0.15,0.05,80,10000.0
1245,0.75,-0.15,0.05,160,10000.0
1246,0.75,-0.15,0.05,240,10000.0
1247,0.75,-0.15,0.05,320,10000.0
1248,0.75,-0.15,0.05,400,10000.0
1249,0.75,-0.15,0.1,1,10000.0
125,0.25,-0.05,-0.15,320,10000.0
1250,0.75,-0.15,0.1,80,10000.0
1251,0.75,-0.15,0.1,160,10000.0
1252,0.75,-0.15,0.1,240,10000.0
1253,0.75,-0.15,0.1,320,10000.0
1254,0.75,-0.15,0.1,400,10000.0
1255,0.75,-0.15,0.15,1,10000.0
1256,0.75,-0.15,0.15,80,10000.0
1257,0.75,-0.15,0.15,160,10000.0
1258,0.75,-0.15,0.15,240,10000.0
1259,0.75,-0.15,0.15,320,10000.0
126,0.25,-0.05,-0.15,400,10000.0
1260,0.75,-0.15,0.15,400,10000.0
1261,0.75,-0.1,-0.15,1,10000.0
1262,0.75,-0.1,-0.15,80,10000.0
1263,0.75,-0.1,-0.15,160,10000.0
1264,0.75,-0.1,-0.15,240,10000.0
1265,0.75,-0.1,-0.15,320,10000.0
1266,0.75,-0.1,-0.15,400,10000.0
1267,0.75,-0.1,-0.1,1,10000.0
1268,0.75,-0.1,-0.1,80,10000.0
1269,0.75,-0.1,-0.1,160,10000.0
127,0.25,-0.05,-0.1,1,10000.0
1270,0.75,-0.1,-0.1,240,10000.0
1271,0.75,-0.1,-0.1,320,10000.0
1272,0.75,-0.1,-0.1,400,10000.0
1273,0.75,-0.1,-0.05,1,10000.0
1274,0.75,-0.1,-0.05,80,10000.0
1275,0.75,-0.1,-0.05,160,10000.0
1276,0.75,-0.1,-0.05,240,10000.0
1277,0.75,-0.1,-0.05,320,10000.0
1278,0.75,-0.1,-0.05,400,10000.0
1279,0.75,-0.1,-0.03,1,10000.0
128,0.25,-0.05,-0.1,80,10000.0
1280,0.75,-0.1,-0.03,80,10000.0
1281,0.75,-0.1,-0.03,160,10000.0
1282,0.75,-0.1,-0.03,240,10000.0
1283,0.75,-0.1,-0.03,320,10000.0
1284,0.75,-0.1,-0.03,400,10000.0
1285,0.75,-0.1,-0.01,1,10000.0
1286,0.75,-0.1,-0.01,80,10000.0
1287,0.75,-0.1,-0.01,160,10000.0
1288,0.75,-0.1,-0.01,240,10000.0
1289,0.75,-0.1,-0.01,320,10000.0
129,0.25,-0.05,-0.1,160,10000.0
1290,0.75,-0.1,-0.01,400,10000.0
1291,0.75,-0.1,0.01,1,10000.0
1292,0.75,-0.1,0.01,80,10000.0
1293,0.75,-0.1,0.01,160,10000.0
1294,0.75,-0.1,0.01,240,10000.0
1295,0.75,-0.1,0.01,320,10000.0
1296,0.75,-0.1,0.01,400,10000.0
1297,0.75,-0.1,0.03,1,10000.0
1298,0.75,-0.1,0.03,80,10000.0
1299,0.75,-0.1,0.03,160,10000.0
13,0.25,-0.15,-0.05,1,10000.0
130,0.25,-0.05,-0.1,240,10000.0
1300,0.75,-0.1,0.03,240,10000.0
1301,0.75,-0.1,0.03,320,10000.0
1302,0.75,-0.1,0.03,400,10000.0
1303,0.75,-0.1,0.05,1,10000.0
1304,0.75,-0.1,0.05,80,10000.0
1305,0.75,-0.1,0.05,160,10000.0
1306,0.75,-0.1,0.05,240,10000.0
1307,0.75,-0.1,0.05,320,10000.0
1308,0.75,-0.1,0.05,400,10000.0
1309,0.75,-0.1,0.1,1,10000.0
131,0.25,-0.05,-0.1,320,10000.0
1310,0.75,-0.1,0.1,80,10000.0
1311,0.75,-0.1,0.1,160,10000.0
1312,0.75,-0.1,0.1,240,10000.0
1313,0.75,-0.1,0.1,320,10000.0
1314,0.75,-0.1,0.1,400,10000.0
1315,0.75,-0.1,0.15,1,10000.0
1316,0.75,-0.1,0.15,80,10000.0
1317,0.75,-0.1,0.15,160,10000.0
1318,0.75,-0.1,0.15,240,10000.0
1319,0.75,-0.1,0.15,320,10000.0
132,0.25,-0.05,-0.1,400,10000.0
1320,0.75,-0.1,0.15,400,10000.0
1321,0.75,-0.05,-0.15,1,10000.0
1322,0.75,-0.05,-0.15,80,10000.0
1323,0.75,-0.05,-0.15,160,10000.0
1324,0.75,-0.05,-0.15,240,10000.0
1325,0.75,-0.05,-0.15,320,10000.0
1326,0.75,-0.05,-0.15,400,10000.0
1327,0.75,-0.05,-0.1,1,10000.0
1328,0.75,-0.05,-0.1,80,10000.0
1329,0.75,-0.05,-0.1,160,10000.0
133,0.25,-0.05,-0.05,1,10000.0
1330,0.75,-0.05,-0.1,240,10000.0
1331,0.75,-0.05,-0.1,320,10000.0
1332,0.75,-0.05,-0.1,400,10000.0
1333,0.75,-0.05,-0.05,1,10000.0
1334,0.75,-0.05,-0.05,80,10000.0
1335,0.75,-0.05,-0.05,160,10000.0
1336,0.75,-0.05,-0.05,240,10000.0
1337,0.75,-0.05,-0.05,320,10000.0
1338,0.75,-0.05,-0.05,400,10000.0
1339,0.75,-0.05,-0.03,1,10000.0
134,0.25,-0.05,-0.05,80,10000.0
1340,0.75,-0.05,-0.03,80,10000.0
1341,0.75,-0.05,-0.03,160,10000.0
1342,0.75,-0.05,-0.03,240,10000.0
1343,0.75,-0.05,-0.03,320,10000.0
1344,0.75,-0.05,-0.03,400,10000.0
1345,0.75,-0.05,-0.01,1,10000.0
1346,0.75,-0.05,-0.01,80,10000.0
1347,0.75,-0.05,-0.01,160,10000.0
1348,0.75,-0.05,-0.01,240,10000.0
1349,0.75,-0.05,-0.01,320,10000.0
135,0.25,-0.05,-0.05,160,10000.0
1350,0.75,-0.05,-0.01,400,10000.0
1351,0.75,-0.05,0.01,1,10000.0
1352,0.75,-0.05,0.01,80,10000.0
1353,0.75,-0.05,0.01,160,10000.0
1354,0.75,-0.05,0.01,240,10000.0
1355,0.75,-0.05,0.01,320,10000.0
1356,0.75,-0.05,0.01,400,10000.0
1357,0.75,-0.05,0.03,1,10000.0
1358,0.75,-0.05,0.03,80,10000.0
1359,0.75,-0.05,0.03,160,10000.0
136,0.25,-0.05,-0.05,240,10000.0
1360,0.75,-0.05,0.03,240,10000.0
1361,0.75,-0.05,0.03,320,10000.0
1362,0.75,-0.05,0.03,400,10000.0
1363,0.75,-0.05,0.05,1,10000.0
1364,0.75,-0.05,0.05,80,10000.0
1365,0.75,-0.05,0.05,160,10000.0
1366,0.75,-0.05,0.05,240,10000.0
1367,0.75,-0.05,0.05,320,10000.0
1368,0.75,-0.05,0.05,400,10000.0
1369,0.75,-0.05,0.1,1,10000.0
137,0.25,-0.05,-0.05,320,10000.0
1370,0.75,-0.05,0.1,80,10000.0
1371,0.75,-0.05,0.1,160,10000.0
1372,0.75,-0.05,0.1,240,10000.0
1373,0.75,-0.05,0.1,320,10000.0
1374,0.75,-0.05,0.1,400,10000.0
1375,0.75,-0.05,0.15,1,10000.0
1376,0.75,-0.05,0.15,80,10000.0
1377,0.75,-0.05,0.15,160,10000.0
1378,0.75,-0.05,0.15,240,10000.0
1379,0.75,-0.05,0.15,320,10000.0
138,0.25,-0.05,-0.05,400,10000.0
1380,0.75,-0.05,0.15,400,10000.0
1381,0.75,-0.03,-0.15,1,10000.0
1382,0.75,-0.03,-0.15,80,10000.0
1383,0.75,-0.03,-0.15,160,10000.0
1384,0.75,-0.03,-0.15,240,10000.0
1385,0.75,-0.03,-0.15,320,10000.0
1386,0.75,-0.03,-0.15,400,10000.0
1387,0.75,-0.03,-0.1,1,10000.0
1388,0.75,-0.03,-0.1,80,10000.0
1389,0.75,-0.03,-0.1,160,10000.0
139,0.25,-0.05,-0.03,1,10000.0
1390,0.75,-0.03,-0.1,240,10000.0
1391,0.75,-0.03,-0.1,320,10000.0
1392,0.75,-0.03,-0.1,400,10000.0
1393,0.75,-0.03,-0.05,1,10000.0
1394,0.75,-0.03,-0.05,80,10000.0
1395,0.75,-0.03,-0.05,160,10000.0
1396,0.75,-0.03,-0.05,240,10000.0
1397,0.75,-0.03,-0.05,320,10000.0
1398,0.75,-0.03,-0.05,400,10000.0
1399,0.75,-0.03,-0.03,1,10000.0
14,0.25,-0.15,-0.05,80,10000.0
140,0.25,-0.05,-0.03,80,10000.0
1400,0.75,-0.03,-0.03,80,10000.0
1401,0.75,-0.03,-0.03,160,10000.0
1402,0.75,-0.03,-0.03,240,10000.0
1403,0.75,-0.03,-0.03,320,10000.0
1404,0.75,-0.03,-0.03,400,10000.0
1405,0.75,-0.03,-0.01,1,10000.0
1406,0.75,-0.03,-0.01,80,10000.0
1407,0.75,-0.03,-0.01,160,10000.0
1408,0.75,-0.03,-0.01,240,10000.0
1409,0.75,-0.03,-0.01,320,10000.0
141,0.25,-0.05,-0.03,160,10000.0
1410,0.75,-0.03,-0.01,400,10000.0
1411,0.75,-0.03,0.01,1,10000.0
1412,0.75,-0.03,0.01,80,10000.0
1413,0.75,-0.03,0.01,160,10000.0
1414,0.75,-0.03,0.01,240,10000.0
1415,0.75,-0.03,0.01,320,10000.0
1416,0.75,-0.03,0.01,400,10000.0
1417,0.75,-0.03,0.03,1,10000.0
1418,0.75,-0.03,0.03,80,10000.0
1419,0.75,-0.03,0.03,160,10000.0
142,0.25,-0.05,-0.03,240,10000.0
1420,0.75,-0.03,0.03,240,10000.0
1421,0.75,-0.03,0.03,320,10000.0
1422,0.75,-0.03,0.03,400,10000.0
1423,0.75,-0.03,0.05,1,10000.0
1424,0.75,-0.03,0.05,80,10000.0
1425,0.75,-0.03,0.05,160,10000.0
1426,0.75,-0.03,0.05,240,10000.0
1427,0.75,-0.03,0.05,320,10000.0
1428,0.75,-0.03,0.05,400,10000.0
1429,0.75,-0.03,0.1,1,10000.0
143,0.25,-0.05,-0.03,320,10000.0
1430,0.75,-0.03,0.1,80,10000.0
1431,0.75,-0.03,0.1,160,10000.0
1432,0.75,-0.03,0.1,240,10000.0
1433,0.75,-0.03,0.1,320,10000.0
1434,0.75,-0.03,0.1,400,10000.0
1435,0.75,-0.03,0.15,1,10000.0
1436,0.75,-0.03,0.15,80,10000.0
1437,0.75,-0.03,0.15,160,10000.0
1438,0.75,-0.03,0.15,240,10000.0
1439,0.75,-0.03,0.15,320,10000.0
144,0.25,-0.05,-0.03,400,10000.0
1440,0.75,-0.03,0.15,400,10000.0
1441,0.75,-0.01,-0.15,1,10000.0
1442,0.75,-0.01,-0.15,80,10000.0
1443,0.75,-0.01,-0.15,160,10000.0
1444,0.75,-0.01,-0.15,240,10000.0
1445,0.75,-0.01,-0.15,320,10000.0
1446,0.75,-0.01,-0.15,400,10000.0
1447,0.75,-0.01,-0.1,1,10000.0
1448,0.75,-0.01,-0.1,80,10000.0
1449,0.75,-0.01,-0.1,160,10000.0
145,0.25,-0.05,-0.01,1,10000.0
1450,0.75,-0.01,-0.1,240,10000.0
1451,0.75,-0.01,-0.1,320,10000.0
1452,0.75,-0.01,-0.1,400,10000.0
1453,0.75,-0.01,-0.05,1,10000.0
1454,0.75,-0.01,-0.05,80,10000.0
1455,0.75,-0.01,-0.05,160,10000.0
1456,0.75,-0.01,-0.05,240,10000.0
1457,0.75,-0.01,-0.05,320,10000.0
1458,0.75,-0.01,-0.05,400,10000.0
1459,0.75,-0.01,-0.03,1,10000.0
146,0.25,-0.05,-0.01,80,10000.0
1460,0.75,-0.01,-0.03,80,10000.0
1461,0.75,-0.01,-0.03,160,10000.0
1462,0.75,-0.01,-0.03,240,10000.0
1463,0.75,-0.01,-0.03,320,10000.0
1464,0.75,-0.01,-0.03,400,10000.0
1465,0.75,-0.01,-0.01,1,10000.0
1466,0.75,-0.01,-0.01,80,10000.0
1467,0.75,-0.01,-0.01,160,10000.0
1468,0.75,-0.01,-0.01,240,10000.0
1469,0.75,-0.01,-0.01,320,10000.0
147,0.25,-0.05,-0.01,160,10000.0
1470,0.75,-0.01,-0.01,400,10000.0
1471,0.75,-0.01,0.01,1,10000.0
1472,0.75,-0.01,0.01,80,10000.0
1473,0.75,-0.01,0.01,160,10000.0
1474,0.75,-0.01,0.01,240,10000.0
1475,0.75,-0.01,0.01,320,10000.0
1476,0.75,-0.01,0.01,400,10000.0
1477,0.75,-0.01,0.03,1,10000.0
1478,0.75,-0.01,0.03,80,10000.0
1479,0.75,-0.01,0.03,160,10000.0
148,0.25,-0.05,-0.01,240,10000.0
1480,0.75,-0.01,0.03,240,10000.0
1481,0.75,-0.01,0.03,320,10000.0
1482,0.75,-0.01,0.03,400,10000.0
1483,0.75,-0.01,0.05,1,10000.0
1484,0.75,-0.01,0.05,80,10000.0
1485,0.75,-0.01,0.05,160,10000.0
1486,0.75,-0.01,0.05,240,10000.0
1487,0.75,-0.01,0.05,320,10000.0
1488,0.75,-0.01,0.05,400,10000.0
1489,0.75,-0.01,0.1,1,10000.0
149,0.25,-0.05,-0.01,320,10000.0
1490,0.75,-0.01,0.1,80,10000.0
1491,0.75,-0.01,0.1,160,10000.0
1492,0.75,-0.01,0.1,240,10000.0
1493,0.75,-0.01,0.1,320,10000.0
1494,0.75,-0.01,0.1,400,10000.0
1495,0.75,-0.01,0.15,1,10000.0
1496,0.75,-0.01,0.15,80,10000.0
1497,0.75,-0.01,0.15,160,10000.0
1498,0.75,-0.01,0.15,240,10000.0
1499,0.75,-0.01,0.15,320,10000.0
15,0.25,-0.15,-0.05,160,10000.0
150,0.25,-0.05,-0.01,400,10000.0
1500,0.75,-0.01,0.15,400,10000.0
1501,0.75,0.01,-0.15,1,10000.0
1502,0.75,0.01,-0.15,80,10000.0
1503,0.75,0.01,-0.15,160,10000.0
1504,0.75,0.01,-0.15,240,10000.0
1505,0.75,0.01,-0.15,320,10000.0
1506,0.75,0.01,-0.15,400,10000.0
1507,0.75,0.01,-0.1,1,10000.0
1508,0.75,0.01,-0.1,80,10000.0
1509,0.75,0.01,-0.1,160,10000.0
151,0.25,-0.05,0.01,1,10000.0
1510,0.75,0.01,-0.1,240,10000.0
1511,0.75,0.01,-0.1,320,10000.0
1512,0.75,0.01,-0.1,400,10000.0
1513,0.75,0.01,-0.05,1,10000.0
1514,0.75,0.01,-0.05,80,10000.0
1515,0.75,0.01,-0.05,160,10000.0
1516,0.75,0.01,-0.05,240,10000.0
1517,0.75,0.01,-0.05,320,10000.0
1518,0.75,0.01,-0.05,400,10000.0
1519,0.75,0.01,-0.03,1,10000.0
152,0.25,-0.05,0.01,80,10000.0
1520,0.75,0.01,-0.03,80,10000.0
1521,0.75,0.01,-0.03,160,10000.0
1522,0.75,0.01,-0.03,240,10000.0
1523,0.75,0.01,-0.03,320,10000.0
1524,0.75,0.01,-0.03,400,10000.0
1525,0.75,0.01,-0.01,1,10000.0
1526,0.75,0.01,-0.01,80,10000.0
1527,0.75,0.01,-0.01,160,10000.0
1528,0.75,0.01,-0.01,240,10000.0
1529,0.75,0.01,-0.01,320,10000.0
153,0.25,-0.05,0.01,160,10000.0
1530,0.75,0.01,-0.01,400,10000.0
1531,0.75,0.01,0.01,1,10000.0
1532,0.75,0.01,0.01,80,10000.0
1533,0.75,0.01,0.01,160,10000.0
1534,0.75,0.01,0.01,240,10000.0
1535,0.75,0.01,0.01,320,10000.0
1536,0.75,0.01,0.01,400,10000.0
1537,0.75,0.01,0.03,1,10000.0
1538,0.75,0.01,0.03,80,10000.0
1539,0.75,0.01,0.03,160,10000.0
154,0.25,-0.05,0.01,240,10000.0
1540,0.75,0.01,0.03,240,10000.0
1541,0.75,0.01,0.03,320,10000.0
1542,0.75,0.01,0.03,400,10000.0
1543,0.75,0.01,0.05,1,10000.0
1544,0.75,0.01,0.05,80,10000.0
1545,0.75,0.01,0.05,160,10000.0
1546,0.75,0.01,0.05,240,10000.0
1547,0.75,0.01,0.05,320,10000.0
1548,0.75,0.01,0.05,400,10000.0
1549,0.75,0.01,0.1,1,10000.0
155,0.25,-0.05,0.01,320,10000.0
1550,0.75,0.01,0.1,80,10000.0
1551,0.75,0.01,0.1,160,10000.0
1552,0.75,0.01,0.1,240,10000.0
1553,0.75,0.01,0.1,320,10000.0
1554,0.75,0.01,0.1,400,10000.0
1555,0.75,0.01,0.15,1,10000.0
1556,0.75,0.01,0.15,80,10000.0
1557,0.75,0.01,0.15,160,10000.0
1558,0.75,0.01,0.15,240,10000.0
1559,0.75,0.01,0.15,320,10000.0
156,0.25,-0.05,0.01,400,10000.0
1560,0.75,0.01,0.15,400,10000.0
1561,0.75,0.03,-0.15,1,10000.0
1562,0.75,0.03,-0.15,80,10000.0
1563,0.75,0.03,-0.15,160,10000.0
1564,0.75,0.03,-0.15,240,10000.0
1565,0.75,0.03,-0.15,320,10000.0
1566,0.75,0.03,-0.15,400,10000.0
1567,0.75,0.03,-0.1,1,10000.0
1568,0.75,0.03,-0.1,80,10000.0
1569,0.75,0.03,-0.1,160,10000.0
157,0.25,-0.05,0.03,1,10000.0
1570,0.75,0.03,-0.1,240,10000.0
1571,0.75,0.03,-0.1,320,10000.0
1572,0.75,0.03,-0.1,400,10000.0
1573,0.75,0.03,-0.05,1,10000.0
1574,0.75,0.03,-0.05,80,10000.0
1575,0.75,0.03,-0.05,160,10000.0
1576,0.75,0.03,-0.05,240,10000.0
1577,0.75,0.03,-0.05,320,10000.0
1578,0.75,0.03,-0.05,400,10000.0
1579,0.75,0.03,-0.03,1,10000.0
158,0.25,-0.05,0.03,80,10000.0
1580,0.75,0.03,-0.03,80,10000.0
1581,0.75,0.03,-0.03,160,10000.0
1582,0.75,0.03,-0.03,240,10000.0
1583,0.75,0.03,-0.03,320,10000.0
1584,0.75,0.03,-0.03,400,10000.0
1585,0.75,0.03,-0.01,1,10000.0
1586,0.75,0.03,-0.01,80,10000.0
1587,0.75,0.03,-0.01,160,10000.0
1588,0.75,0.03,-0.01,240,10000.0
1589,0.75,0.03,-0.01,320,10000.0
159,0.25,-0.05,0.03,160,10000.0
1590,0.75,0.03,-0.01,400,10000.0
1591,0.75,0.03,0.01,1,10000.0
1592,0.75,0.03,0.01,80,10000.0
1593,0.75,0.03,0.01,160,10000.0
1594,0.75,0.03,0.01,240,10000.0
1595,0.75,0.03,0.01,320,10000.0
1596,0.75,0.03,0.01,400,10000.0
1597,0.75,0.03,0.03,1,10000.0
1598,0.75,0.03,0.03,80,10000.0
1599,0.75,0.03,0.03,160,10000.0
16,0.25,-0.15,-0.05,240,10000.0
160,0.25,-0.05,0.03,240,10000.0
1600,0.75,0.03,0.03,240,10000.0
1601,0.75,0.03,0.03,320,10000.0
1602,0.75,0.03,0.03,400,10000.0
1603,0.75,0.03,0.05,1,10000.0
1604,0.75,0.03,0.05,80,10000.0
1605,0.75,0.03,0.05,160,10000.0
1606,0.75,0.03,0.05,240,10000.0
1607,0.75,0.03,0.05,320,10000.0
1608,0.75,0.03,0.05,400,10000.0
1609,0.75,0.03,0.1,1,10000.0
161,0.25,-0.05,0.03,320,10000.0
1610,0.75,0.03,0.1,80,10000.0
1611,0.75,0.03,0.1,160,10000.0
1612,0.75,0.03,0.1,240,10000.0
1613,0.75,0.03,0.1,320,10000.0
1614,0.75,0.03,0.1,400,10000.0
1615,0.75,0.03,0.15,1,10000.0
1616,0.75,0.03,0.15,80,10000.0
1617,0.75,0.03,0.15,160,10000.0
1618,0.75,0.03,0.15,240,10000.0
1619,0.75,0.03,0.15,320,10000.0
162,0.25,-0.05,0.03,400,10000.0
1620,0.75,0.03,0.15,400,10000.0
1621,0.75,0.05,-0.15,1,10000.0
1622,0.75,0.05,-0.15,80,10000.0
1623,0.75,0.05,-0.15,160,10000.0
1624,0.75,0.05,-0.15,240,10000.0
1625,0.75,0.05,-0.15,320,10000.0
1626,0.75,0.05,-0.15,400,10000.0
1627,0.75,0.05,-0.1,1,10000.0
1628,0.75,0.05,-0.1,80,10000.0
1629,0.75,0.05,-0.1,160,10000.0
163,0.25,-0.05,0.05,1,10000.0
1630,0.75,0.05,-0.1,240,10000.0
1631,0.75,0.05,-0.1,320,10000.0
1632,0.75,0.05,-0.1,400,10000.0
1633,0.75,0.05,-0.05,1,10000.0
1634,0.75,0.05,-0.05,80,10000.0
1635,0.75,0.05,-0.05,160,10000.0
1636,0.75,0.05,-0.05,240,10000.0
1637,0.75,0.05,-0.05,320,10000.0
1638,0.75,0.05,-0.05,400,10000.0
1639,0.75,0.05,-0.03,1,10000.0
164,0.25,-0.05,0.05,80,10000.0
1640,0.75,0.05,-0.03,80,10000.0
1641,0.75,0.05,-0.03,160,10000.0
1642,0.75,0.05,-0.03,240,10000.0
1643,0.75,0.05,-0.03,320,10000.0
1644,0.75,0.05,-0.03,400,10000.0
1645,0.75,0.05,-0.01,1,10000.0
1646,0.75,0.05,-0.01,80,10000.0
1647,0.75,0.05,-0.01,160,10000.0
1648,0.75,0.05,-0.01,240,10000.0
1649,0.75,0.05,-0.01,320,10000.0
165,0.25,-0.05,0.05,160,10000.0
1650,0.75,0.05,-0.01,400,10000.0
1651,0.75,0.05,0.01,1,10000.0
1652,0.75,0.05,0.01,80,10000.0
1653,0.75,0.05,0.01,160,10000.0
1654,0.75,0.05,0.01,240,10000.0
1655,0.75,0.05,0.01,320,10000.0
1656,0.75,0.05,0.01,400,10000.0
1657,0.75,0.05,0.03,1,10000.0
1658,0.75,0.05,0.03,80,10000.0
1659,0.75,0.05,0.03,160,10000.0
166,0.25,-0.05,0.05,240,10000.0
1660,0.75,0.05,0.03,240,10000.0
1661,0.75,0.05,0.03,320,10000.0
1662,0.75,0.05,0.03,400,10000.0
1663,0.75,0.05,0.05,1,10000.0
1664,0.75,0.05,0.05,80,10000.0
1665,0.75,0.05,0.05,160,10000.0
1666,0.75,0.05,0.05,240,10000.0
1667,0.75,0.05,0.05,320,10000.0
1668,0.75,0.05,0.05,400,10000.0
1669,0.75,0.05,0.1,1,10000.0
167,0.25,-0.05,0.05,320,10000.0
1670,0.75,0.05,0.1,80,10000.0
1671,0.75,0.05,0.1,160,10000.0
1672,0.75,0.05,0.1,240,10000.0
1673,0.75,0.05,0.1,320,10000.0
1674,0.75,0.05,0.1,400,10000.0
1675,0.75,0.05,0.15,1,10000.0
1676,0.75,0.05,0.15,80,10000.0
1677,0.75,0.05,0.15,160,10000.0
1678,0.75,0.05,0.15,240,10000.0
1679,0.75,0.05,0.15,320,10000.0
168,0.25,-0.05,0.05,400,10000.0
1680,0.75,0.05,0.15,400,10000.0
1681,0.75,0.1,-0.15,1,10000.0
1682,0.75,0.1,-0.15,80,10000.0
1683,0.75,0.1,-0.15,160,10000.0
1684,0.75,0.1,-0.15,240,10000.0
1685,0.75,0.1,-0.15,320,10000.0
1686,0.75,0.1,-0.15,400,10000.0
1687,0.75,0.1,-0.1,1,10000.0
1688,0.75,0.1,-0.1,80,10000.0
1689,0.75,0.1,-0.1,160,10000.0
169,0.25,-0.05,0.1,1,10000.0
1690,0.75,0.1,-0.1,240,10000.0
1691,0.75,0.1,-0.1,320,10000.0
1692,0.75,0.1,-0.1,400,10000.0
1693,0.75,0.1,-0.05,1,10000.0
1694,0.75,0.1,-0.05,80,10000.0
1695,0.75,0.1,-0.05,160,10000.0
1696,0.75,0.1,-0.05,240,10000.0
1697,0.75,0.1,-0.05,320,10000.0
1698,0.75,0.1,-0.05,400,10000.0
1699,0.75,0.1,-0.03,1,10000.0
17,0.25,-0.15,-0.05,320,10000.0
170,0.25,-0.05,0.1,80,10000.0
1700,0.75,0.1,-0.03,80,10000.0
1701,0.75,0.1,-0.03,160,10000.0
1702,0.75,0.1,-0.03,240,10000.0
1703,0.75,0.1,-0.03,320,10000.0
1704,0.75,0.1,-0.03,400,10000.0
1705,0.75,0.1,-0.01,1,10000.0
1706,0.75,0.1,-0.01,80,10000.0
1707,0.75,0.1,-0.01,160,10000.0
1708,0.75,0.1,-0.01,240,10000.0
1709,0.75,0.1,-0.01,320,10000.0
171,0.25,-0.05,0.1,160,10000.0
1710,0.75,0.1,-0.01,400,10000.0
1711,0.75,0.1,0.01,1,10000.0
1712,0.75,0.1,0.01,80,10000.0
1713,0.75,0.1,0.01,160,10000.0
1714,0.75,0.1,0.01,240,10000.0
1715,0.75,0.1,0.01,320,10000.0
1716,0.75,0.1,0.01,400,10000.0
1717,0.75,0.1,0.03,1,10000.0
1718,0.75,0.1,0.03,80,10000.0
1719,0.75,0.1,0.03,160,10000.0
172,0.25,-0.05,0.1,240,10000.0
1720,0.75,0.1,0.03,240,10000.0
1721,0.75,0.1,0.03,320,10000.0
1722,0.75,0.1,0.03,400,10000.0
1723,0.75,0.1,0.05,1,10000.0
1724,0.75,0.1,0.05,80,10000.0
1725,0.75,0.1,0.05,160,10000.0
1726,0.75,0.1,0.05,240,10000.0
1727,0.75,0.1,0.05,320,10000.0
1728,0.75,0.1,0.05,400,10000.0
1729,0.75,0.1,0.1,1,10000.0
173,0.25,-0.05,0.1,320,10000.0
1730,0.75,0.1,0.1,80,10000.0
1731,0.75,0.1,0.1,160,10000.0
1732,0.75,0.1,0.1,240,10000.0
1733,0.75,0.1,0.1,320,10000.0
1734,0.75,0.1,0.1,400,10000.0
1735,0.75,0.1,0.15,1,10000.0
1736,0.75,0.1,0.15,80,10000.0
1737,0.75,0.1,0.15,160,10000.0
1738,0.75,0.1,0.15,240,10000.0
1739,0.75,0.1,0.15,320,10000.0
174,0.25,-0.05,0.1,400,10000.0
1740,0.75,0.1,0.15,400,10000.0
1741,0.75,0.15,-0.15,1,10000.0
1742,0.75,0.15,-0.15,80,10000.0
1743,0.75,0.15,-0.15,160,10000.0
1744,0.75,0.15,-0.15,240,10000.0
1745,0.75,0.15,-0.15,320,10000.0
1746,0.75,0.15,-0.15,400,10000.0
1747,0.75,0.15,-0.1,1,10000.0
1748,0.75,0.15,-0.1,80,10000.0
1749,0.75,0.15,-0.1,160,10000.0
175,0.25,-0.05,0.15,1,10000.0
1750,0.75,0.15,-0.1,240,10000.0
1751,0.75,0.15,-0.1,320,10000.0
1752,0.75,0.15,-0.1,400,10000.0
1753,0.75,0.15,-0.05,1,10000.0
1754,0.75,0.15,-0.05,80,10000.0
1755,0.75,0.15,-0.05,160,10000.0
1756,0.75,0.15,-0.05,240,10000.0
1757,0.75,0.15,-0.05,320,10000.0
1758,0.75,0.15,-0.05,400,10000.0
1759,0.75,0.15,-0.03,1,10000.0
176,0.25,-0.05,0.15,80,10000.0
1760,0.75,0.15,-0.03,80,10000.0
1761,0.75,0.15,-0.03,160,10000.0
1762,0.75,0.15,-0.03,240,10000.0
1763,0.75,0.15,-0.03,320,10000.0
1764,0.75,0.15,-0.03,400,10000.0
1765,0.75,0.15,-0.01,1,10000.0
1766,0.75,0.15,-0.01,80,10000.0
1767,0.75,0.15,-0.01,160,10000.0
1768,0.75,0.15,-0.01,240,10000.0
1769,0.75,0.15,-0.01,320,10000.0
177,0.25,-0.05,0.15,160,10000.0
1770,0.75,0.15,-0.01,400,10000.0
1771,0.75,0.15,0.01,1,10000.0
1772,0.75,0.15,0.01,80,10000.0
1773,0.75,0.15,0.01,160,10000.0
1774,0.75,0.15,0.01,240,10000.0
1775,0.75,0.15,0.01,320,10000.0
1776,0.75,0.15,0.01,400,10000.0
1777,0.75,0.15,0.03,1,10000.0
1778,0.75,0.15,0.03,80,10000.0
1779,0.75,0.15,0.03,160,10000.0
178,0.25,-0.05,0.15,240,10000.0
1780,0.75,0.15,0.03,240,10000.0
1781,0.75,0.15,0.03,320,10000.0
1782,0.75,0.15,0.03,400,10000.0
1783,0.75,0.15,0.05,1,10000.0
1784,0.75,0.15,0.05,80,10000.0
1785,0.75,0.15,0.05,160,10000.0
1786,0.75,0.15,0.05,240,10000.0
1787,0.75,0.15,0.05,320,10000.0
1788,0.75,0.15,0.05,400,10000.0
1789,0.75,0.15,0.1,1,10000.0
179,0.25,-0.05,0.15,320,10000.0
1790,0.75,0.15,0.1,80,10000.0
1791,0.75,0.15,0.1,160,10000.0
1792,0.75,0.15,0.1,240,10000.0
1793,0.75,0.15,0.1,320,10000.0
1794,0.75,0.15,0.1,400,10000.0
1795,0.75,0.15,0.15,1,10000.0
1796,0.75,0.15,0.15,80,10000.0
1797,0.75,0.15,0.15,160,10000.0
1798,0.75,0.15,0.15,240,10000.0
1799,0.75,0.15,0.15,320,10000.0
18,0.25,-0.15,-0.05,400,10000.0
180,0.25,-0.05,0.15,400,10000.0
1800,0.75,0.15,0.15,400,10000.0
1801,1.0,-0.15,-0.15,1,10000.0
1802,1.0,-0.15,-0.15,80,10000.0
1803,1.0,-0.15,-0.15,160,10000.0
1804,1.0,-0.15,-0.15,240,10000.0
1805,1.0,-0.15,-0.15,320,10000.0
1806,1.0,-0.15,-0.15,400,10000.0
1807,1.0,-0.15,-0.1,1,10000.0
1808,1.0,-0.15,-0.1,80,10000.0
1809,1.0,-0.15,-0.1,160,10000.0
181,0.25,-0.03,-0.15,1,10000.0
1810,1.0,-0.15,-0.1,240,10000.0
1811,1.0,-0.15,-0.1,320,10000.0
1812,1.0,-0.15,-0.1,400,10000.0
1813,1.0,-0.15,-0.05,1,10000.0
1814,1.0,-0.15,-0.05,80,10000.0
1815,1.0,-0.15,-0.05,160,10000.0
1816,1.0,-0.15,-0.05,240,10000.0
1817,1.0,-0.15,-0.05,320,10000.0
1818,1.0,-0.15,-0.05,400,10000.0
1819,1.0,-0.15,-0.03,1,10000.0
182,0.25,-0.03,-0.15,80,10000.0
1820,1.0,-0.15,-0.03,80,10000.0
1821,1.0,-0.15,-0.03,160,10000.0
1822,1.0,-0.15,-0.03,240,10000.0
1823,1.0,-0.15,-0.03,320,10000.0
1824,1.0,-0.15,-0.03,400,10000.0
1825,1.0,-0.15,-0.01,1,10000.0
1826,1.0,-0.15,-0.01,80,10000.0
1827,1.0,-0.15,-0.01,160,10000.0
1828,1.0,-0.15,-0.01,240,10000.0
1829,1.0,-0.15,-0.01,320,10000.0
183,0.25,-0.03,-0.15,160,10000.0
1830,1.0,-0.15,-0.01,400,10000.0
1831,1.0,-0.15,0.01,1,10000.0
1832,1.0,-0.15,0.01,80,10000.0
1833,1.0,-0.15,0.01,160,10000.0
1834,1.0,-0.15,0.01,240,10000.0
1835,1.0,-0.15,0.01,320,10000.0
1836,1.0,-0.15,0.01,400,10000.0
1837,1.0,-0.15,0.03,1,10000.0
1838,1.0,-0.15,0.03,80,10000.0
1839,1.0,-0.15,0.03,160,10000.0
184,0.25,-0.03,-0.15,240,10000.0
1840,1.0,-0.15,0.03,240,10000.0
1841,1.0,-0.15,0.03,320,10000.0
1842,1.0,-0.15,0.03,400,10000.0
1843,1.0,-0.15,0.05,1,10000.0
1844,1.0,-0.15,0.05,80,10000.0
1845,1.0,-0.15,0.05,160,10000.0
1846,1.0,-0.15,0.05,240,10000.0
1847,1.0,-0.15,0.05,320,10000.0
1848,1.0,-0.15,0.05,400,10000.0
1849,1.0,-0.15,0.1,1,10000.0
185,0.25,-0.03,-0.15,320,10000.0
1850,1.0,-0.15,0.1,80,10000.0
1851,1.0,-0.15,0.1,160,10000.0
1852,1.0,-0.15,0.1,240,10000.0
1853,1.0,-0.15,0.1,320,10000.0
1854,1.0,-0.15,0.1,400,10000.0
1855,1.0,-0.15,0.15,1,10000.0
1856,1.0,-0.15,0.15,80,10000.0
1857,1.0,-0.15,0.15,160,10000.0
1858,1.0,-0.15,0.15,240,10000.0
1859,1.0,-0.15,0.15,320,10000.0
186,0.25,-0.03,-0.15,400,10000.0
1860,1.0,-0.15,0.15,400,10000.0
1861,1.0,-0.1,-0.15,1,10000.0
1862,1.0,-0.1,-0.15,80,10000.0
1863,1.0,-0.1,-0.15,160,10000.0
1864,1.0,-0.1,-0.15,240,10000.0
1865,1.0,-0.1,-0.15,320,10000.0
1866,1.0,-0.1,-0.15,400,10000.0
1867,1.0,-0.1,-0.1,1,10000.0
1868,1.0,-0.1,-0.1,80,10000.0
1869,1.0,-0.1,-0.1,160,10000.0
187,0.25,-0.03,-0.1,1,10000.0
1870,1.0,-0.1,-0.1,240,10000.0
1871,1.0,-0.1,-0.1,320,10000.0
1872,1.0,-0.1,-0.1,400,10000.0
1873,1.0,-0.1,-0.05,1,10000.0
1874,1.0,-0.1,-0.05,80,10000.0
1875,1.0,-0.1,-0.05,160,10000.0
1876,1.0,-0.1,-0.05,240,10000.0
1877,1.0,-0.1,-0.05,320,10000.0
1878,1.0,-0.1,-0.05,400,10000.0
1879,1.0,-0.1,-0.03,1,10000.0
188,0.25,-0.03,-0.1,80,10000.0
1880,1.0,-0.1,-0.03,80,10000.0
1881,1.0,-0.1,-0.03,160,10000.0
1882,1.0,-0.1,-0.03,240,10000.0
1883,1.0,-0.1,-0.03,320,10000.0
1884,1.0,-0.1,-0.03,400,10000.0
1885,1.0,-0.1,-0.01,1,10000.0
1886,1.0,-0.1,-0.01,80,10000.0
1887,1.0,-0.1,-0.01,160,10000.0
1888,1.0,-0.1,-0.01,240,10000.0
1889,1.0,-0.1,-0.01,320,10000.0
189,0.25,-0.03,-0.1,160,10000.0
1890,1.0,-0.1,-0.01,400,10000.0
1891,1.0,-0.1,0.01,1,10000.0
1892,1.0,-0.1,0.01,80,10000.0
1893,1.0,-0.1,0.01,160,10000.0
1894,1.0,-0.1,0.01,240,10000.0
1895,1.0,-0.1,0.01,320,10000.0
1896,1.0,-0.1,0.01,400,10000.0
1897,1.0,-0.1,0.03,1,10000.0
1898,1.0,-0.1,0.03,80,10000.0
1899,1.0,-0.1,0.03,160,10000.0
19,0.25,-0.15,-0.03,1,10000.0
190,0.25,-0.03,-0.1,240,10000.0
1900,1.0,-0.1,0.03,240,10000.0
1901,1.0,-0.1,0.03,320,10000.0
1902,1.0,-0.1,0.03,400,10000.0
1903,1.0,-0.1,0.05,1,10000.0
1904,1.0,-0.1,0.05,80,10000.0
1905,1.0,-0.1,0.05,160,10000.0
1906,1.0,-0.1,0.05,240,10000.0
1907,1.0,-0.1,0.05,320,10000.0
1908,1.0,-0.1,0.05,400,10000.0
1909,1.0,-0.1,0.1,1,10000.0
191,0.25,-0.03,-0.1,320,10000.0
1910,1.0,-0.1,0.1,80,10000.0
1911,1.0,-0.1,0.1,160,10000.0
1912,1.0,-0.1,0.1,240,10000.0
1913,1.0,-0.1,0.1,320,10000.0
1914,1.0,-0.1,0.1,400,10000.0
1915,1.0,-0.1,0.15,1,10000.0
1916,1.0,-0.1,0.15,80,10000.0
1917,1.0,-0.1,0.15,160,10000.0
1918,1.0,-0.1,0.15,240,10000.0
1919,1.0,-0.1,0.15,320,10000.0
192,0.25,-0.03,-0.1,400,10000.0
1920,1.0,-0.1,0.15,400,10000.0
1921,1.0,-0.05,-0.15,1,10000.0
1922,1.0,-0.05,-0.15,80,10000.0
1923,1.0,-0.05,-0.15,160,10000.0
1924,1.0,-0.05,-0.15,240,10000.0
1925,1.0,-0.05,-0.15,320,10000.0
1926,1.0,-0.05,-0.15,400,10000.0
1927,1.0,-0.05,-0.1,1,10000.0
1928,1.0,-0.05,-0.1,80,10000.0
1929,1.0,-0.05,-0.1,160,10000.0
193,0.25,-0.03,-0.05,1,10000.0
1930,1.0,-0.05,-0.1,240,10000.0
1931,1.0,-0.05,-0.1,320,10000.0
1932,1.0,-0.05,-0.1,400,10000.0
1933,1.0,-0.05,-0.05,1,10000.0
1934,1.0,-0.05,-0.05,80,10000.0
1935,1.0,-0.05,-0.05,160,10000.0
1936,1.0,-0.05,-0.05,240,10000.0
1937,1.0,-0.05,-0.05,320,10000.0
1938,1.0,-0.05,-0.05,400,10000.0
1939,1.0,-0.05,-0.03,1,10000.0
194,0.25,-0.03,-0.05,80,10000.0
1940,1.0,-0.05,-0.03,80,10000.0
1941,1.0,-0.05,-0.03,160,10000.0
1942,1.0,-0.05,-0.03,240,10000.0
1943,1.0,-0.05,-0.03,320,10000.0
1944,1.0,-0.05,-0.03,400,10000.0
1945,1.0,-0.05,-0.01,1,10000.0
1946,1.0,-0.05,-0.01,80,10000.0
1947,1.0,-0.05,-0.01,160,10000.0
1948,1.0,-0.05,-0.01,240,10000.0
1949,1.0,-0.05,-0.01,320,10000.0
195,0.25,-0.03,-0.05,160,10000.0
1950,1.0,-0.05,-0.01,400,10000.0
1951,1.0,-0.05,0.01,1,10000.0
1952,1.0,-0.05,0.01,80,10000.0
1953,1.0,-0.05,0.01,160,10000.0
1954,1.0,-0.05,0.01,240,10000.0
1955,1.0,-0.05,0.01,320,10000.0
1956,1.0,-0.05,0.01,400,10000.0
1957,1.0,-0.05,0.03,1,10000.0
1958,1.0,-0.05,0.03,80,10000.0
1959,1.0,-0.05,0.03,160,10000.0
196,0.25,-0.03,-0.05,240,10000.0
1960,1.0,-0.05,0.03,240,10000.0
1961,1.0,-0.05,0.03,320,10000.0
1962,1.0,-0.05,0.03,400,10000.0
1963,1.0,-0.05,0.05,1,10000.0
1964,1.0,-0.05,0.05,80,10000.0
1965,1.0,-0.05,0.05,160,10000.0
1966,1.0,-0.05,0.05,240,10000.0
1967,1.0,-0.05,0.05,320,10000.0
1968,1.0,-0.05,0.05,400,10000.0
1969,1.0,-0.05,0.1,1,10000.0
197,0.25,-0.03,-0.05,320,10000.0
1970,1.0,-0.05,0.1,80,10000.0
1971,1.0,-0.05,0.1,160,10000.0
1972,1.0,-0.05,0.1,240,10000.0
1973,1.0,-0.05,0.1,320,10000.0
1974,1.0,-0.05,0.1,400,10000.0
1975,1.0,-0.05,0.15,1,10000.0
1976,1.0,-0.05,0.15,80,10000.0
1977,1.0,-0.05,0.15,160,10000.0
1978,1.0,-0.05,0.15,240,10000.0
1979,1.0,-0.05,0.15,320,10000.0
198,0.25,-0.03,-0.05,400,10000.0
1980,1.0,-0.05,0.15,400,10000.0
1981,1.0,-0.03,-0.15,1,10000.0
1982,1.0,-0.03,-0.15,80,10000.0
1983,1.0,-0.03,-0.15,160,10000.0
1984,1.0,-0.03,-0.15,240,10000.0
1985,1.0,-0.03,-0.15,320,10000.0
1986,1.0,-0.03,-0.15,400,10000.0
1987,1.0,-0.03,-0.1,1,10000.0
1988,1.0,-0.03,-0.1,80,10000.0
1989,1.0,-0.03,-0.1,160,10000.0
199,0.25,-0.03,-0.03,1,10000.0
1990,1.0,-0.03,-0.1,240,10000.0
1991,1.0,-0.03,-0.1,320,10000.0
1992,1.0,-0.03,-0.1,400,10000.0
1993,1.0,-0.03,-0.05,1,10000.0
1994,1.0,-0.03,-0.05,80,10000.0
1995,1.0,-0.03,-0.05,160,10000.0
1996,1.0,-0.03,-0.05,240,10000.0
1997,1.0,-0.03,-0.05,320,10000.0
1998,1.0,-0.03,-0.05,400,10000.0
1999,1.0,-0.03,-0.03,1,10000.0
2,0.25,-0.15,-0.15,80,10000.0
20,0.25,-0.15,-0.03,80,10000.0
200,0.25,-0.03,-0.03,80,10000.0
2000,1.0,-0.03,-0.03,80,10000.0
2001,1.0,-0.03,-0.03,160,10000.0
2002,1.0,-0.03,-0.03,240,10000.0
2003,1.0,-0.03,-0.03,320,10000.0
2004,1.0,-0.03,-0.03,400,10000.0
2005,1.0,-0.03,-0.01,1,10000.0
2006,1.0,-0.03,-0.01,80,10000.0
2007,1.0,-0.03,-0.01,160,10000.0
2008,1.0,-0.03,-0.01,240,10000.0
2009,1.0,-0.03,-0.01,320,10000.0
201,0.25,-0.03,-0.03,160,10000.0
2010,1.0,-0.03,-0.01,400,10000.0
2011,1.0,-0.03,0.01,1,10000.0
2012,1.0,-0.03,0.01,80,10000.0
2013,1.0,-0.03,0.01,160,10000.0
2014,1.0,-0.03,0.01,240,10000.0
2015,1.0,-0.03,0.01,320,10000.0
2016,1.0,-0.03,0.01,400,10000.0
2017,1.0,-0.03,0.03,1,10000.0
2018,1.0,-0.03,0.03,80,10000.0
2019,1.0,-0.03,0.03,160,10000.0
202,0.25,-0.03,-0.03,240,10000.0
2020,1.0,-0.03,0.03,240,10000.0
2021,1.0,-0.03,0.03,320,10000.0
2022,1.0,-0.03,0.03,400,10000.0
2023,1.0,-0.03,0.05,1,10000.0
2024,1.0,-0.03,0.05,80,10000.0
2025,1.0,-0.03,0.05,160,10000.0
2026,1.0,-0.03,0.05,240,10000.0
2027,1.0,-0.03,0.05,320,10000.0
2028,1.0,-0.03,0.05,400,10000.0
2029,1.0,-0.03,0.1,1,10000.0
203,0.25,-0.03,-0.03,320,10000.0
2030,1.0,-0.03,0.1,80,10000.0
2031,1.0,-0.03,0.1,160,10000.0
2032,1.0,-0.03,0.1,240,10000.0
2033,1.0,-0.03,0.1,320,10000.0
2034,1.0,-0.03,0.1,400,10000.0
2035,1.0,-0.03,0.15,1,10000.0
2036,1.0,-0.03,0.15,80,10000.0
2037,1.0,-0.03,0.15,160,10000.0
2038,1.0,-0.03,0.15,240,10000.0
2039,1.0,-0.03,0.15,320,10000.0
204,0.25,-0.03,-0.03,400,10000.0
2040,1.0,-0.03,0.15,400,10000.0
2041,1.0,-0.01,-0.15,1,10000.0
2042,1.0,-0.01,-0.15,80,10000.0
2043,1.0,-0.01,-0.15,160,10000.0
2044,1.0,-0.01,-0.15,240,10000.0
2045,1.0,-0.01,-0.15,320,10000.0
2046,1.0,-0.01,-0.15,400,10000.0
2047,1.0,-0.01,-0.1,1,10000.0
2048,1.0,-0.01,-0.1,80,10000.0
2049,1.0,-0.01,-0.1,160,10000.0
205,0.25,-0.03,-0.01,1,10000.0
2050,1.0,-0.01,-0.1,240,10000.0
2051,1.0,-0.01,-0.1,320,10000.0
2052,1.0,-0.01,-0.1,400,10000.0
2053,1.0,-0.01,-0.05,1,10000.0
2054,1.0,-0.01,-0.05,80,10000.0
2055,1.0,-0.01,-0.05,160,10000.0
2056,1.0,-0.01,-0.05,240,10000.0
2057,1.0,-0.01,-0.05,320,10000.0
2058,1.0,-0.01,-0.05,400,10000.0
2059,1.0,-0.01,-0.03,1,10000.0
206,0.25,-0.03,-0.01,80,10000.0
2060,1.0,-0.01,-0.03,80,10000.0
2061,1.0,-0.01,-0.03,160,10000.0
2062,1.0,-0.01,-0.03,240,10000.0
2063,1.0,-0.01,-0.03,320,10000.0
2064,1.0,-0.01,-0.03,400,10000.0
2065,1.0,-0.01,-0.01,1,10000.0
2066,1.0,-0.01,-0.01,80,10000.0
2067,1.0,-0.01,-0.01,160,10000.0
2068,1.0,-0.01,-0.01,240,10000.0
2069,1.0,-0.01,-0.01,320,10000.0
207,0.25,-0.03,-0.01,160,10000.0
2070,1.0,-0.01,-0.01,400,10000.0
2071,1.0,-0.01,0.01,1,10000.0
2072,1.0,-0.01,0.01,80,10000.0
2073,1.0,-0.01,0.01,160,10000.0
2074,1.0,-0.01,0.01,240,10000.0
2075,1.0,-0.01,0.01,320,10000.0
2076,1.0,-0.01,0.01,400,10000.0
2077,1.0,-0.01,0.03,1,10000.0
2078,1.0,-0.01,0.03,80,10000.0
2079,1.0,-0.01,0.03,160,10000.0
208,0.25,-0.03,-0.01,240,10000.0
2080,1.0,-0.01,0.03,240,10000.0
2081,1.0,-0.01,0.03,320,10000.0
2082,1.0,-0.01,0.03,400,10000.0
2083,1.0,-0.01,0.05,1,10000.0
2084,1.0,-0.01,0.05,80,10000.0
2085,1.0,-0.01,0.05,160,10000.0
2086,1.0,-0.01,0.05,240,10000.0
2087,1.0,-0.01,0.05,320,10000.0
2088,1.0,-0.01,0.05,400,10000.0
2089,1.0,-0.01,0.1,1,10000.0
209,0.25,-0.03,-0.01,320,10000.0
2090,1.0,-0.01,0.1,80,10000.0
2091,1.0,-0.01,0.1,160,10000.0
2092,1.0,-0.01,0.1,240,10000.0
2093,1.0,-0.01,0.1,320,10000.0
2094,1.0,-0.01,0.1,400,10000.0
2095,1.0,-0.01,0.15,1,10000.0
2096,1.0,-0.01,0.15,80,10000.0
2097,1.0,-0.01,0.15,160,10000.0
2098,1.0,-0.01,0.15,240,10000.0
2099,1.0,-0.01,0.15,320,10000.0
21,0.25,-0.15,-0.03,160,10000.0
210,0.25,-0.03,-0.01,400,10000.0
2100,1.0,-0.01,0.15,400,10000.0
2101,1.0,0.01,-0.15,1,10000.0
2102,1.0,0.01,-0.15,80,10000.0
2103,1.0,0.01,-0.15,160,10000.0
2104,1.0,0.01,-0.15,240,10000.0
2105,1.0,0.01,-0.15,320,10000.0
2106,1.0,0.01,-0.15,400,10000.0
2107,1.0,0.01,-0.1,1,10000.0
2108,1.0,0.01,-0.1,80,10000.0
2109,1.0,0.01,-0.1,160,10000.0
211,0.25,-0.03,0.01,1,10000.0
2110,1.0,0.01,-0.1,240,10000.0
2111,1.0,0.01,-0.1,320,10000.0
2112,1.0,0.01,-0.1,400,10000.0
2113,1.0,0.01,-0.05,1,10000.0
2114,1.0,0.01,-0.05,80,10000.0
2115,1.0,0.01,-0.05,160,10000.0
2116,1.0,0.01,-0.05,240,10000.0
2117,1.0,0.01,-0.05,320,10000.0
2118,1.0,0.01,-0.05,400,10000.0
2119,1.0,0.01,-0.03,1,10000.0
212,0.25,-0.03,0.01,80,10000.0
2120,1.0,0.01,-0.03,80,10000.0
2121,1.0,0.01,-0.03,160,10000.0
2122,1.0,0.01,-0.03,240,10000.0
2123,1.0,0.01,-0.03,320,10000.0
2124,1.0,0.01,-0.03,400,10000.0
2125,1.0,0.01,-0.01,1,10000.0
2126,1.0,0.01,-0.01,80,10000.0
2127,1.0,0.01,-0.01,160,10000.0
2128,1.0,0.01,-0.01,240,10000.0
2129,1.0,0.01,-0.01,320,10000.0
213,0.25,-0.03,0.01,160,10000.0
2130,1.0,0.01,-0.01,400,10000.0
2131,1.0,0.01,0.01,1,10000.0
2132,1.0,0.01,0.01,80,10000.0
2133,1.0,0.01,0.01,160,10000.0
2134,1.0,0.01,0.01,240,10000.0
2135,1.0,0.01,0.01,320,10000.0
2136,1.0,0.01,0.01,400,10000.0
2137,1.0,0.01,0.03,1,10000.0
2138,1.0,0.01,0.03,80,10000.0
2139,1.0,0.01,0.03,160,10000.0
214,0.25,-0.03,0.01,240,10000.0
2140,1.0,0.01,0.03,240,10000.0
2141,1.0,0.01,0.03,320,10000.0
2142,1.0,0.01,0.03,400,10000.0
2143,1.0,0.01,0.05,1,10000.0
2144,1.0,0.01,0.05,80,10000.0
2145,1.0,0.01,0.05,160,10000.0
2146,1.0,0.01,0.05,240,10000.0
2147,1.0,0.01,0.05,320,10000.0
2148,1.0,0.01,0.05,400,10000.0
2149,1.0,0.01,0.1,1,10000.0
215,0.25,-0.03,0.01,320,10000.0
2150,1.0,0.01,0.1,80,10000.0
2151,1.0,0.01,0.1,160,10000.0
2152,1.0,0.01,0.1,240,10000.0
2153,1.0,0.01,0.1,320,10000.0
2154,1.0,0.01,0.1,400,10000.0
2155,1.0,0.01,0.15,1,10000.0
2156,1.0,0.01,0.15,80,10000.0
2157,1.0,0.01,0.15,160,10000.0
2158,1.0,0.01,0.15,240,10000.0
2159,1.0,0.01,0.15,320,10000.0
216,0.25,-0.03,0.01,400,10000.0
2160,1.0,0.01,0.15,400,10000.0
2161,1.0,0.03,-0.15,1,10000.0
2162,1.0,0.03,-0.15,80,10000.0
2163,1.0,0.03,-0.15,160,10000.0
2164,1.0,0.03,-0.15,240,10000.0
2165,1.0,0.03,-0.15,320,10000.0
2166,1.0,0.03,-0.15,400,10000.0
2167,1.0,0.03,-0.1,1,10000.0
2168,1.0,0.03,-0.1,80,10000.0
2169,1.0,0.03,-0.1,160,10000.0
217,0.25,-0.03,0.03,1,10000.0
2170,1.0,0.03,-0.1,240,10000.0
2171,1.0,0.03,-0.1,320,10000.0
2172,1.0,0.03,-0.1,400,10000.0
2173,1.0,0.03,-0.05,1,10000.0
2174,1.0,0.03,-0.05,80,10000.0
2175,1.0,0.03,-0.05,160,10000.0
2176,1.0,0.03,-0.05,240,10000.0
2177,1.0,0.03,-0.05,320,10000.0
2178,1.0,0.03,-0.05,400,10000.0
2179,1.0,0.03,-0.03,1,10000.0
218,0.25,-0.03,0.03,80,10000.0
2180,1.0,0.03,-0.03,80,10000.0
2181,1.0,0.03,-0.03,160,10000.0
2182,1.0,0.03,-0.03,240,10000.0
2183,1.0,0.03,-0.03,320,10000.0
2184,1.0,0.03,-0.03,400,10000.0
2185,1.0,0.03,-0.01,1,10000.0
2186,1.0,0.03,-0.01,80,10000.0
2187,1.0,0.03,-0.01,160,10000.0
2188,1.0,0.03,-0.01,240,10000.0
2189,1.0,0.03,-0.01,320,10000.0
219,0.25,-0.03,0.03,160,10000.0
2190,1.0,0.03,-0.01,400,10000.0
2191,1.0,0.03,0.01,1,10000.0
2192,1.0,0.03,0.01,80,10000.0
2193,1.0,0.03,0.01,160,10000.0
2194,1.0,0.03,0.01,240,10000.0
2195,1.0,0.03,0.01,320,10000.0
2196,1.0,0.03,0.01,400,10000.0
2197,1.0,0.03,0.03,1,10000.0
2198,1.0,0.03,0.03,80,10000.0
2199,1.0,0.03,0.03,160,10000.0
22,0.25,-0.15,-0.03,240,10000.0
220,0.25,-0.03,0.03,240,10000.0
2200,1.0,0.03,0.03,240,10000.0
2201,1.0,0.03,0.03,320,10000.0
2202,1.0,0.03,0.03,400,10000.0
2203,1.0,0.03,0.05,1,10000.0
2204,1.0,0.03,0.05,80,10000.0
2205,1.0,0.03,0.05,160,10000.0
2206,1.0,0.03,0.05,240,10000.0
2207,1.0,0.03,0.05,320,10000.0
2208,1.0,0.03,0.05,400,10000.0
2209,1.0,0.03,0.1,1,10000.0
221,0.25,-0.03,0.03,320,10000.0
2210,1.0,0.03,0.1,80,10000.0
2211,1.0,0.03,0.1,160,10000.0
2212,1.0,0.03,0.1,240,10000.0
2213,1.0,0.03,0.1,320,10000.0
2214,1.0,0.03,0.1,400,10000.0
2215,1.0,0.03,0.15,1,10000.0
2216,1.0,0.03,0.15,80,10000.0
2217,1.0,0.03,0.15,160,10000.0
2218,1.0,0.03,0.15,240,10000.0
2219,1.0,0.03,0.15,320,10000.0
222,0.25,-0.03,0.03,400,10000.0
2220,1.0,0.03,0.15,400,10000.0
2221,1.0,0.05,-0.15,1,10000.0
2222,1.0,0.05,-0.15,80,10000.0
2223,1.0,0.05,-0.15,160,10000.0
2224,1.0,0.05,-0.15,240,10000.0
2225,1.0,0.05,-0.15,320,10000.0
2226,1.0,0.05,-0.15,400,10000.0
2227,1.0,0.05,-0.1,1,10000.0
2228,1.0,0.05,-0.1,80,10000.0
2229,1.0,0.05,-0.1,160,10000.0
223,0.25,-0.03,0.05,1,10000.0
2230,1.0,0.05,-0.1,240,10000.0
2231,1.0,0.05,-0.1,320,10000.0
2232,1.0,0.05,-0.1,400,10000.0
2233,1.0,0.05,-0.05,1,10000.0
2234,1.0,0.05,-0.05,80,10000.0
2235,1.0,0.05,-0.05,160,10000.0
2236,1.0,0.05,-0.05,240,10000.0
2237,1.0,0.05,-0.05,320,10000.0
2238,1.0,0.05,-0.05,400,10000.0
2239,1.0,0.05,-0.03,1,10000.0
224,0.25,-0.03,0.05,80,10000.0
2240,1.0,0.05,-0.03,80,10000.0
2241,1.0,0.05,-0.03,160,10000.0
2242,1.0,0.05,-0.03,240,10000.0
2243,1.0,0.05,-0.03,320,10000.0
2244,1.0,0.05,-0.03,400,10000.0
2245,1.0,0.05,-0.01,1,10000.0
2246,1.0,0.05,-0.01,80,10000.0
2247,1.0,0.05,-0.01,160,10000.0
2248,1.0,0.05,-0.01,240,10000.0
2249,1.0,0.05,-0.01,320,10000.0
225,0.25,-0.03,0.05,160,10000.0
2250,1.0,0.05,-0.01,400,10000.0
2251,1.0,0.05,0.01,1,10000.0
2252,1.0,0.05,0.01,80,10000.0
2253,1.0,0.05,0.01,160,10000.0
2254,1.0,0.05,0.01,240,10000.0
2255,1.0,0.05,0.01,320,10000.0
2256,1.0,0.05,0.01,400,10000.0
2257,1.0,0.05,0.03,1,10000.0
2258,1.0,0.05,0.03,80,10000.0
2259,1.0,0.05,0.03,160,10000.0
226,0.25,-0.03,0.05,240,10000.0
2260,1.0,0.05,0.03,240,10000.0
2261,1.0,0.05,0.03,320,10000.0
2262,1.0,0.05,0.03,400,10000.0
2263,1.0,0.05,0.05,1,10000.0
2264,1.0,0.05,0.05,80,10000.0
2265,1.0,0.05,0.05,160,10000.0
2266,1.0,0.05,0.05,240,10000.0
2267,1.0,0.05,0.05,320,10000.0
2268,1.0,0.05,0.05,400,10000.0
2269,1.0,0.05,0.1,1,10000.0
227,0.25,-0.03,0.05,320,10000.0
2270,1.0,0.05,0.1,80,10000.0
2271,1.0,0.05,0.1,160,10000.0
2272,1.0,0.05,0.1,240,10000.0
2273,1.0,0.05,0.1,320,10000.0
2274,1.0,0.05,0.1,400,10000.0
2275,1.0,0.05,0.15,1,10000.0
2276,1.0,0.05,0.15,80,10000.0
2277,1.0,0.05,0.15,160,10000.0
2278,1.0,0.05,0.15,240,10000.0
2279,1.0,0.05,0.15,320,10000.0
228,0.25,-0.03,0.05,400,10000.0
2280,1.0,0.05,0.15,400,10000.0
2281,1.0,0.1,-0.15,1,10000.0
2282,1.0,0.1,-0.15,80,10000.0
2283,1.0,0.1,-0.15,160,10000.0
2284,1.0,0.1,-0.15,240,10000.0
2285,1.0,0.1,-0.15,320,10000.0
2286,1.0,0.1,-0.15,400,10000.0
2287,1.0,0.1,-0.1,1,10000.0
2288,1.0,0.1,-0.1,80,10000.0
2289,1.0,0.1,-0.1,160,10000.0
229,0.25,-0.03,0.1,1,10000.0
2290,1.0,0.1,-0.1,240,10000.0
2291,1.0,0.1,-0.1,320,10000.0
2292,1.0,0.1,-0.1,400,10000.0
2293,1.0,0.1,-0.05,1,10000.0
2294,1.0,0.1,-0.05,80,10000.0
2295,1.0,0.1,-0.05,160,10000.0
2296,1.0,0.1,-0.05,240,10000.0
2297,1.0,0.1,-0.05,320,10000.0
2298,1.0,0.1,-0.05,400,10000.0
2299,1.0,0.1,-0.03,1,10000.0
23,0.25,-0.15,-0.03,320,10000.0
230,0.25,-0.03,0.1,80,10000.0
2300,1.0,0.1,-0.03,80,10000.0
2301,1.0,0.1,-0.03,160,10000.0
2302,1.0,0.1,-0.03,240,10000.0
2303,1.0,0.1,-0.03,320,10000.0
2304,1.0,0.1,-0.03,400,10000.0
2305,1.0,0.1,-0.01,1,10000.0
2306,1.0,0.1,-0.01,80,10000.0
2307,1.0,0.1,-0.01,160,10000.0
2308,1.0,0.1,-0.01,240,10000.0
2309,1.0,0.1,-0.01,320,10000.0
231,0.25,-0.03,0.1,160,10000.0
2310,1.0,0.1,-0.01,400,10000.0
2311,1.0,0.1,0.01,1,10000.0
2312,1.0,0.1,0.01,80,10000.0
2313,1.0,0.1,0.01,160,10000.0
2314,1.0,0.1,0.01,240,10000.0
2315,1.0,0.1,0.01,320,10000.0
2316,1.0,0.1,0.01,400,10000.0
2317,1.0,0.1,0.03,1,10000.0
2318,1.0,0.1,0.03,80,10000.0
2319,1.0,0.1,0.03,160,10000.0
232,0.25,-0.03,0.1,240,10000.0
2320,1.0,0.1,0.03,240,10000.0
2321,1.0,0.1,0.03,320,10000.0
2322,1.0,0.1,0.03,400,10000.0
2323,1.0,0.1,0.05,1,10000.0
2324,1.0,0.1,0.05,80,10000.0
2325,1.0,0.1,0.05,160,10000.0
2326,1.0,0.1,0.05,240,10000.0
2327,1.0,0.1,0.05,320,10000.0
2328,1.0,0.1,0.05,400,10000.0
2329,1.0,0.1,0.1,1,10000.0
233,0.25,-0.03,0.1,320,10000.0
2330,1.0,0.1,0.1,80,10000.0
2331,1.0,0.1,0.1,160,10000.0
2332,1.0,0.1,0.1,240,10000.0
2333,1.0,0.1,0.1,320,10000.0
2334,1.0,0.1,0.1,400,10000.0
2335,1.0,0.1,0.15,1,10000.0
2336,1.0,0.1,0.15,80,10000.0
2337,1.0,0.1,0.15,160,10000.0
2338,1.0,0.1,0.15,240,10000.0
2339,1.0,0.1,0.15,320,10000.0
234,0.25,-0.03,0.1,400,10000.0
2340,1.0,0.1,0.15,400,10000.0
2341,1.0,0.15,-0.15,1,10000.0
2342,1.0,0.15,-0.15,80,10000.0
2343,1.0,0.15,-0.15,160,10000.0
2344,1.0,0.15,-0.15,240,10000.0
2345,1.0,0.15,-0.15,320,10000.0
2346,1.0,0.15,-0.15,400,10000.0
2347,1.0,0.15,-0.1,1,10000.0
2348,1.0,0.15,-0.1,80,10000.0
2349,1.0,0.15,-0.1,160,10000.0
235,0.25,-0.03,0.15,1,10000.0
2350,1.0,0.15,-0.1,240,10000.0
2351,1.0,0.15,-0.1,320,10000.0
2352,1.0,0.15,-0.1,400,10000.0
2353,1.0,0.15,-0.05,1,10000.0
2354,1.0,0.15,-0.05,80,10000.0
2355,1.0,0.15,-0.05,160,10000.0
2356,1.0,0.15,-0.05,240,10000.0
2357,1.0,0.15,-0.05,320,10000.0
2358,1.0,0.15,-0.05,400,10000.0
2359,1.0,0.15,-0.03,1,10000.0
236,0.25,-0.03,0.15,80,10000.0
2360,1.0,0.15,-0.03,80,10000.0
2361,1.0,0.15,-0.03,160,10000.0
2362,1.0,0.15,-0.03,240,10000.0
2363,1.0,0.15,-0.03,320,10000.0
2364,1.0,0.15,-0.03,400,10000.0
2365,1.0,0.15,-0.01,1,10000.0
2366,1.0,0.15,-0.01,80,10000.0
2367,1.0,0.15,-0.01,160,10000.0
2368,1.0,0.15,-0.01,240,10000.0
2369,1.0,0.15,-0.01,320,10000.0
237,0.25,-0.03,0.15,160,10000.0
2370,1.0,0.15,-0.01,400,10000.0
2371,1.0,0.15,0.01,1,10000.0
2372,1.0,0.15,0.01,80,10000.0
2373,1.0,0.15,0.01,160,10000.0
2374,1.0,0.15,0.01,240,10000.0
2375,1.0,0.15,0.01,320,10000.0
2376,1.0,0.15,0.01,400,10000.0
2377,1.0,0.15,0.03,1,10000.0
2378,1.0,0.15,0.03,80,10000.0
2379,1.0,0.15,0.03,160,10000.0
238,0.25,-0.03,0.15,240,10000.0
2380,1.0,0.15,0.03,240,10000.0
2381,1.0,0.15,0.03,320,10000.0
2382,1.0,0.15,0.03,400,10000.0
2383,1.0,0.15,0.05,1,10000.0
2384,1.0,0.15,0.05,80,10000.0
2385,1.0,0.15,0.05,160,10000.0
2386,1.0,0.15,0.05,240,10000.0
2387,1.0,0.15,0.05,320,10000.0
2388,1.0,0.15,0.05,400,10000.0
2389,1.0,0.15,0.1,1,10000.0
239,0.25,-0.03,0.15,320,10000.0
2390,1.0,0.15,0.1,80,10000.0
2391,1.0,0.15,0.1,160,10000.0
2392,1.0,0.15,0.1,240,10000.0
2393,1.0,0.15,0.1,320,10000.0
2394,1.0,0.15,0.1,400,10000.0
2395,1.0,0.15,0.15,1,10000.0
2396,1.0,0.15,0.15,80,10000.0
2397,1.0,0.15,0.15,160,10000.0
2398,1.0,0.15,0.15,240,10000.0
2399,1.0,0.15,0.15,320,10000.0
24,0.25,-0.15,-0.03,400,10000.0
240,0.25,-0.03,0.15,400,10000.0
2400,1.0,0.15,0.15,400,10000.0
241,0.25,-0.01,-0.15,1,10000.0
242,0.25,-0.01,-0.15,80,10000.0
243,0.25,-0.01,-0.15,160,10000.0
244,0.25,-0.01,-0.15,240,10000.0
245,0.25,-0.01,-0.15,320,10000.0
246,0.25,-0.01,-0.15,400,10000.0
247,0.25,-0.01,-0.1,1,10000.0
248,0.25,-0.01,-0.1,80,10000.0
249,0.25,-0.01,-0.1,160,10000.0
25,0.25,-0.15,-0.01,1,10000.0
250,0.25,-0.01,-0.1,240,10000.0
251,0.25,-0.01,-0.1,320,10000.0
252,0.25,-0.01,-0.1,400,10000.0
253,0.25,-0.01,-0.05,1,10000.0
254,0.25,-0.01,-0.05,80,10000.0
255,0.25,-0.01,-0.05,160,10000.0
256,0.25,-0.01,-0.05,240,10000.0
257,0.25,-0.01,-0.05,320,10000.0
258,0.25,-0.01,-0.05,400,10000.0
259,0.25,-0.01,-0.03,1,10000.0
26,0.25,-0.15,-0.01,80,10000.0
260,0.25,-0.01,-0.03,80,10000.0
261,0.25,-0.01,-0.03,160,10000.0
262,0.25,-0.01,-0.03,240,10000.0
263,0.25,-0.01,-0.03,320,10000.0
264,0.25,-0.01,-0.03,400,10000.0
265,0.25,-0.01,-0.01,1,10000.0
266,0.25,-0.01,-0.01,80,10000.0
267,0.25,-0.01,-0.01,160,10000.0
268,0.25,-0.01,-0.01,240,10000.0
269,0.25,-0.01,-0.01,320,10000.0
27,0.25,-0.15,-0.01,160,10000.0
270,0.25,-0.01,-0.01,400,10000.0
271,0.25,-0.01,0.01,1,10000.0
272,0.25,-0.01,0.01,80,10000.0
273,0.25,-0.01,0.01,160,10000.0
274,0.25,-0.01,0.01,240,10000.0
275,0.25,-0.01,0.01,320,10000.0
276,0.25,-0.01,0.01,400,10000.0
277,0.25,-0.01,0.03,1,10000.0
278,0.25,-0.01,0.03,80,10000.0
279,0.25,-0.01,0.03,160,10000.0
28,0.25,-0.15,-0.01,240,10000.0
280,0.25,-0.01,0.03,240,10000.0
281,0.25,-0.01,0.03,320,10000.0
282,0.25,-0.01,0.03,400,10000.0
283,0.25,-0.01,0.05,1,10000.0
284,0.25,-0.01,0.05,80,10000.0
285,0.25,-0.01,0.05,160,10000.0
286,0.25,-0.01,0.05,240,10000.0
287,0.25,-0.01,0.05,320,10000.0
288,0.25,-0.01,0.05,400,10000.0
289,0.25,-0.01,0.1,1,10000.0
29,0.25,-0.15,-0.01,320,10000.0
290,0.25,-0.01,0.1,80,10000.0
291,0.25,-0.01,0.1,160,10000.0
292,0.25,-0.01,0.1,240,10000.0
293,0.25,-0.01,0.1,320,10000.0
294,0.25,-0.01,0.1,400,10000.0
295,0.25,-0.01,0.15,1,10000.0
296,0.25,-0.01,0.15,80,10000.0
297,0.25,-0.01,0.15,160,10000.0
298,0.25,-0.01,0.15,240,10000.0
299,0.25,-0.01,0.15,320,10000.0
3,0.25,-0.15,-0.15,160,10000.0
30,0.25,-0.15,-0.01,400,10000.0
300,0.25,-0.01,0.15,400,10000.0
301,0.25,0.01,-0.15,1,10000.0
302,0.25,0.01,-0.15,80,10000.0
303,0.25,0.01,-0.15,160,10000.0
304,0.25,0.01,-0.15,240,10000.0
305,0.25,0.01,-0.15,320,10000.0
306,0.25,0.01,-0.15,400,10000.0
307,0.25,0.01,-0.1,1,10000.0
308,0.25,0.01,-0.1,80,10000.0
309,0.25,0.01,-0.1,160,10000.0
31,0.25,-0.15,0.01,1,10000.0
310,0.25,0.01,-0.1,240,10000.0
311,0.25,0.01,-0.1,320,10000.0
312,0.25,0.01,-0.1,400,10000.0
313,0.25,0.01,-0.05,1,10000.0
314,0.25,0.01,-0.05,80,10000.0
315,0.25,0.01,-0.05,160,10000.0
316,0.25,0.01,-0.05,240,10000.0
317,0.25,0.01,-0.05,320,10000.0
318,0.25,0.01,-0.05,400,10000.0
319,0.25,0.01,-0.03,1,10000.0
32,0.25,-0.15,0.01,80,10000.0
320,0.25,0.01,-0.03,80,10000.0
321,0.25,0.01,-0.03,160,10000.0
322,0.25,0.01,-0.03,240,10000.0
323,0.25,0.01,-0.03,320,10000.0
324,0.25,0.01,-0.03,400,10000.0
325,0.25,0.01,-0.01,1,10000.0
326,0.25,0.01,-0.01,80,10000.0
327,0.25,0.01,-0.01,160,10000.0
328,0.25,0.01,-0.01,240,10000.0
329,0.25,0.01,-0.01,320,10000.0
33,0.25,-0.15,0.01,160,10000.0
330,0.25,0.01,-0.01,400,10000.0
331,0.25,0.01,0.01,1,10000.0
332,0.25,0.01,0.01,80,10000.0
333,0.25,0.01,0.01,160,10000.0
334,0.25,0.01,0.01,240,10000.0
335,0.25,0.01,0.01,320,10000.0
336,0.25,0.01,0.01,400,10000.0
337,0.25,0.01,0.03,1,10000.0
338,0.25,0.01,0.03,80,10000.0
339,0.25,0.01,0.03,160,10000.0
34,0.25,-0.15,0.01,240,10000.0
340,0.25,0.01,0.03,240,10000.0
341,0.25,0.01,0.03,320,10000.0
342,0.25,0.01,0.03,400,10000.0
343,0.25,0.01,0.05,1,10000.0
344,0.25,0.01,0.05,80,10000.0
345,0.25,0.01,0.05,160,10000.0
346,0.25,0.01,0.05,240,10000.0
347,0.25,0.01,0.05,320,10000.0
348,0.25,0.01,0.05,400,10000.0
349,0.25,0.01,0.1,1,10000.0
35,0.25,-0.15,0.01,320,10000.0
350,0.25,0.01,0.1,80,10000.0
351,0.25,0.01,0.1,160,10000.0
352,0.25,0.01,0.1,240,10000.0
353,0.25,0.01,0.1,320,10000.0
354,0.25,0.01,0.1,400,10000.0
355,0.25,0.01,0.15,1,10000.0
356,0.25,0.01,0.15,80,10000.0
357,0.25,0.01,0.15,160,10000.0
358,0.25,0.01,0.15,240,10000.0
359,0.25,0.01,0.15,320,10000.0
36,0.25,-0.15,0.01,400,10000.0
360,0.25,0.01,0.15,400,10000.0
361,0.25,0.03,-0.15,1,10000.0
362,0.25,0.03,-0.15,80,10000.0
363,0.25,0.03,-0.15,160,10000.0
364,0.25,0.03,-0.15,240,10000.0
365,0.25,0.03,-0.15,320,10000.0
366,0.25,0.03,-0.15,400,10000.0
367,0.25,0.03,-0.1,1,10000.0
368,0.25,0.03,-0.1,80,10000.0
369,0.25,0.03,-0.1,160,10000.0
37,0.25,-0.15,0.03,1,10000.0
370,0.25,0.03,-0.1,240,10000.0
371,0.25,0.03,-0.1,320,10000.0
372,0.25,0.03,-0.1,400,10000.0
373,0.25,0.03,-0.05,1,10000.0
374,0.25,0.03,-0.05,80,10000.0
375,0.25,0.03,-0.05,160,10000.0
376,0.25,0.03,-0.05,240,10000.0
377,0.25,0.03,-0.05,320,10000.0
378,0.25,0.03,-0.05,400,10000.0
379,0.25,0.03,-0.03,1,10000.0
38,0.25,-0.15,0.03,80,10000.0
380,0.25,0.03,-0.03,80,10000.0
381,0.25,0.03,-0.03,160,10000.0
382,0.25,0.03,-0.03,240,10000.0
383,0.25,0.03,-0.03,320,10000.0
384,0.25,0.03,-0.03,400,10000.0
385,0.25,0.03,-0.01,1,10000.0
386,0.25,0.03,-0.01,80,10000.0
387,0.25,0.03,-0.01,160,10000.0
388,0.25,0.03,-0.01,240,10000.0
389,0.25,0.03,-0.01,320,10000.0
39,0.25,-0.15,0.03,160,10000.0
390,0.25,0.03,-0.01,400,10000.0
391,0.25,0.03,0.01,1,10000.0
392,0.25,0.03,0.01,80,10000.0
393,0.25,0.03,0.01,160,10000.0
394,0.25,0.03,0.01,240,10000.0
395,0.25,0.03,0.01,320,10000.0
396,0.25,0.03,0.01,400,10000.0
397,0.25,0.03,0.03,1,10000.0
398,0.25,0.03,0.03,80,10000.0
399,0.25,0.03,0.03,160,10000.0
4,0.25,-0.15,-0.15,240,10000.0
40,0.25,-0.15,0.03,240,10000.0
400,0.25,0.03,0.03,240,10000.0
401,0.25,0.03,0.03,320,10000.0
402,0.25,0.03,0.03,400,10000.0
403,0.25,0.03,0.05,1,10000.0
404,0.25,0.03,0.05,80,10000.0
405,0.25,0.03,0.05,160,10000.0
406,0.25,0.03,0.05,240,10000.0
407,0.25,0.03,0.05,320,10000.0
408,0.25,0.03,0.05,400,10000.0
409,0.25,0.03,0.1,1,10000.0
41,0.25,-0.15,0.03,320,10000.0
410,0.25,0.03,0.1,80,10000.0
411,0.25,0.03,0.1,160,10000.0
412,0.25,0.03,0.1,240,10000.0
413,0.25,0.03,0.1,320,10000.0
414,0.25,0.03,0.1,400,10000.0
415,0.25,0.03,0.15,1,10000.0
416,0.25,0.03,0.15,80,10000.0
417,0.25,0.03,0.15,160,10000.0
418,0.25,0.03,0.15,240,10000.0
419,0.25,0.03,0.15,320,10000.0
42,0.25,-0.15,0.03,400,10000.0
420,0.25,0.03,0.15,400,10000.0
421,0.25,0.05,-0.15,1,10000.0
422,0.25,0.05,-0.15,80,10000.0
423,0.25,0.05,-0.15,160,10000.0
424,0.25,0.05,-0.15,240,10000.0
425,0.25,0.05,-0.15,320,10000.0
426,0.25,0.05,-0.15,400,10000.0
427,0.25,0.05,-0.1,1,10000.0
428,0.25,0.05,-0.1,80,10000.0
429,0.25,0.05,-0.1,160,10000.0
43,0.25,-0.15,0.05,1,10000.0
430,0.25,0.05,-0.1,240,10000.0
431,0.25,0.05,-0.1,320,10000.0
432,0.25,0.05,-0.1,400,10000.0
433,0.25,0.05,-0.05,1,10000.0
434,0.25,0.05,-0.05,80,10000.0
435,0.25,0.05,-0.05,160,10000.0
436,0.25,0.05,-0.05,240,10000.0
437,0.25,0.05,-0.05,320,10000.0
438,0.25,0.05,-0.05,400,10000.0
439,0.25,0.05,-0.03,1,10000.0
44,0.25,-0.15,0.05,80,10000.0
440,0.25,0.05,-0.03,80,10000.0
441,0.25,0.05,-0.03,160,10000.0
442,0.25,0.05,-0.03,240,10000.0
443,0.25,0.05,-0.03,320,10000.0
444,0.25,0.05,-0.03,400,10000.0
445,0.25,0.05,-0.01,1,10000.0
446,0.25,0.05,-0.01,80,10000.0
447,0.25,0.05,-0.01,160,10000.0
448,0.25,0.05,-0.01,240,10000.0
449,0.25,0.05,-0.01,320,10000.0
45,0.25,-0.15,0.05,160,10000.0
450,0.25,0.05,-0.01,400,10000.0
451,0.25,0.05,0.01,1,10000.0
452,0.25,0.05,0.01,80,10000.0
453,0.25,0.05,0.01,160,10000.0
454,0.25,0.05,0.01,240,10000.0
455,0.25,0.05,0.01,320,10000.0
456,0.25,0.05,0.01,400,10000.0
457,0.25,0.05,0.03,1,10000.0
458,0.25,0.05,0.03,80,10000.0
459,0.25,0.05,0.03,160,10000.0
46,0.25,-0.15,0.05,240,10000.0
460,0.25,0.05,0.03,240,10000.0
461,0.25,0.05,0.03,320,10000.0
462,0.25,0.05,0.03,400,10000.0
463,0.25,0.05,0.05,1,10000.0
464,0.25,0.05,0.05,80,10000.0
465,0.25,0.05,0.05,160,10000.0
466,0.25,0.05,0.05,240,10000.0
467,0.25,0.05,0.05,320,10000.0
468,0.25,0.05,0.05,400,10000.0
469,0.25,0.05,0.1,1,10000.0
47,0.25,-0.15,0.05,320,10000.0
470,0.25,0.05,0.1,80,10000.0
471,0.25,0.05,0.1,160,10000.0
472,0.25,0.05,0.1,240,10000.0
473,0.25,0.05,0.1,320,10000.0
474,0.25,0.05,0.1,400,10000.0
475,0.25,0.05,0.15,1,10000.0
476,0.25,0.05,0.15,80,10000.0
477,0.25,0.05,0.15,160,10000.0
478,0.25,0.05,0.15,240,10000.0
479,0.25,0.05,0.15,320,10000.0
48,0.25,-0.15,0.05,400,10000.0
480,0.25,0.05,0.15,400,10000.0
481,0.25,0.1,-0.15,1,10000.0
482,0.25,0.1,-0.15,80,10000.0
483,0.25,0.1,-0.15,160,10000.0
484,0.25,0.1,-0.15,240,10000.0
485,0.25,0.1,-0.15,320,10000.0
486,0.25,0.1,-0.15,400,10000.0
487,0.25,0.1,-0.1,1,10000.0
488,0.25,0.1,-0.1,80,10000.0
489,0.25,0.1,-0.1,160,10000.0
49,0.25,-0.15,0.1,1,10000.0
490,0.25,0.1,-0.1,240,10000.0
491,0.25,0.1,-0.1,320,10000.0
492,0.25,0.1,-0.1,400,10000.0
493,0.25,0.1,-0.05,1,10000.0
494,0.25,0.1,-0.05,80,10000.0
495,0.25,0.1,-0.05,160,10000.0
496,0.25,0.1,-0.05,240,10000.0
497,0.25,0.1,-0.05,320,10000.0
498,0.25,0.1,-0.05,400,10000.0
499,0.25,0.1,-0.03,1,10000.0
5,0.25,-0.15,-0.15,320,10000.0
50,0.25,-0.15,0.1,80,10000.0
500,0.25,0.1,-0.03,80,10000.0
501,0.25,0.1,-0.03,160,10000.0
502,0.25,0.1,-0.03,240,10000.0
503,0.25,0.1,-0.03,320,10000.0
504,0.25,0.1,-0.03,400,10000.0
505,0.25,0.1,-0.01,1,10000.0
506,0.25,0.1,-0.01,80,10000.0
507,0.25,0.1,-0.01,160,10000.0
508,0.25,0.1,-0.01,240,10000.0
509,0.25,0.1,-0.01,320,10000.0
51,0.25,-0.15,0.1,160,10000.0
510,0.25,0.1,-0.01,400,10000.0
511,0.25,0.1,0.01,1,10000.0
512,0.25,0.1,0.01,80,10000.0
513,0.25,0.1,0.01,160,10000.0
514,0.25,0.1,0.01,240,10000.0
515,0.25,0.1,0.01,320,10000.0
516,0.25,0.1,0.01,400,10000.0
517,0.25,0.1,0.03,1,10000.0
518,0.25,0.1,0.03,80,10000.0
519,0.25,0.1,0.03,160,10000.0
52,0.25,-0.15,0.1,240,10000.0
520,0.25,0.1,0.03,240,10000.0
521,0.25,0.1,0.03,320,10000.0
522,0.25,0.1,0.03,400,10000.0
523,0.25,0.1,0.05,1,10000.0
524,0.25,0.1,0.05,80,10000.0
525,0.25,0.1,0.05,160,10000.0
526,0.25,0.1,0.05,240,10000.0
527,0.25,0.1,0.05,320,10000.0
528,0.25,0.1,0.05,400,10000.0
529,0.25,0.1,0.1,1,10000.0
53,0.25,-0.15,0.1,320,10000.0
530,0.25,0.1,0.1,80,10000.0
531,0.25,0.1,0.1,160,10000.0
532,0.25,0.1,0.1,240,10000.0
533,0.25,0.1,0.1,320,10000.0
534,0.25,0.1,0.1,400,10000.0
535,0.25,0.1,0.15,1,10000.0
536,0.25,0.1,0.15,80,10000.0
537,0.25,0.1,0.15,160,10000.0
538,0.25,0.1,0.15,240,10000.0
539,0.25,0.1,0.15,320,10000.0
54,0.25,-0.15,0.1,400,10000.0
540,0.25,0.1,0.15,400,10000.0
541,0.25,0.15,-0.15,1,10000.0
542,0.25,0.15,-0.15,80,10000.0
543,0.25,0.15,-0.15,160,10000.0
544,0.25,0.15,-0.15,240,10000.0
545,0.25,0.15,-0.15,320,10000.0
546,0.25,0.15,-0.15,400,10000.0
547,0.25,0.15,-0.1,1,10000.0
548,0.25,0.15,-0.1,80,10000.0
549,0.25,0.15,-0.1,160,10000.0
55,0.25,-0.15,0.15,1,10000.0
550,0.25,0.15,-0.1,240,10000.0
551,0.25,0.15,-0.1,320,10000.0
552,0.25,0.15,-0.1,400,10000.0
553,0.25,0.15,-0.05,1,10000.0
554,0.25,0.15,-0.05,80,10000.0
555,0.25,0.15,-0.05,160,10000.0
556,0.25,0.15,-0.05,240,10000.0
557,0.25,0.15,-0.05,320,10000.0
558,0.25,0.15,-0.05,400,10000.0
559,0.25,0.15,-0.03,1,10000.0
56,0.25,-0.15,0.15,80,10000.0
560,0.25,0.15,-0.03,80,10000.0
561,0.25,0.15,-0.03,160,10000.0
562,0.25,0.15,-0.03,240,10000.0
563,0.25,0.15,-0.03,320,10000.0
564,0.25,0.15,-0.03,400,10000.0
565,0.25,0.15,-0.01,1,10000.0
566,0.25,0.15,-0.01,80,10000.0
567,0.25,0.15,-0.01,160,10000.0
568,0.25,0.15,-0.01,240,10000.0
569,0.25,0.15,-0.01,320,10000.0
57,0.25,-0.15,0.15,160,10000.0
570,0.25,0.15,-0.01,400,10000.0
571,0.25,0.15,0.01,1,10000.0
572,0.25,0.15,0.01,80,10000.0
573,0.25,0.15,0.01,160,10000.0
574,0.25,0.15,0.01,240,10000.0
575,0.25,0.15,0.01,320,10000.0
576,0.25,0.15,0.01,400,10000.0
577,0.25,0.15,0.03,1,10000.0
578,0.25,0.15,0.03,80,10000.0
579,0.25,0.15,0.03,160,10000.0
58,0.25,-0.15,0.15,240,10000.0
580,0.25,0.15,0.03,240,10000.0
581,0.25,0.15,0.03,320,10000.0
582,0.25,0.15,0.03,400,10000.0
583,0.25,0.15,0.05,1,10000.0
584,0.25,0.15,0.05,80,10000.0
585,0.25,0.15,0.05,160,10000.0
586,0.25,0.15,0.05,240,10000.0
587,0.25,0.15,0.05,320,10000.0
588,0.25,0.15,0.05,400,10000.0
589,0.25,0.15,0.1,1,10000.0
59,0.25,-0.15,0.15,320,10000.0
590,0.25,0.15,0.1,80,10000.0
591,0.25,0.15,0.1,160,10000.0
592,0.25,0.15,0.1,240,10000.0
593,0.25,0.15,0.1,320,10000.0
594,0.25,0.15,0.1,400,10000.0
595,0.25,0.15,0.15,1,10000.0
596,0.25,0.15,0.15,80,10000.0
597,0.25,0.15,0.15,160,10000.0
598,0.25,0.15,0.15,240,10000.0
599,0.25,0.15,0.15,320,10000.0
6,0.25,-0.15,-0.15,400,10000.0
60,0.25,-0.15,0.15,400,10000.0
600,0.25,0.15,0.15,400,10000.0
601,0.5,-0.15,-0.15,1,10000.0
602,0.5,-0.15,-0.15,80,10000.0
603,0.5,-0.15,-0.15,160,10000.0
604,0.5,-0.15,-0.15,240,10000.0
605,0.5,-0.15,-0.15,320,10000.0
606,0.5,-0.15,-0.15,400,10000.0
607,0.5,-0.15,-0.1,1,10000.0
608,0.5,-0.15,-0.1,80,10000.0
609,0.5,-0.15,-0.1,160,10000.0
61,0.25,-0.1,-0.15,1,10000.0
610,0.5,-0.15,-0.1,240,10000.0
611,0.5,-0.15,-0.1,320,10000.0
612,0.5,-0.15,-0.1,400,10000.0
613,0.5,-0.15,-0.05,1,10000.0
614,0.5,-0.15,-0.05,80,10000.0
615,0.5,-0.15,-0.05,160,10000.0
616,0.5,-0.15,-0.05,240,10000.0
617,0.5,-0.15,-0.05,320,10000.0
618,0.5,-0.15,-0.05,400,10000.0
619,0.5,-0.15,-0.03,1,10000.0
62,0.25,-0.1,-0.15,80,10000.0
620,0.5,-0.15,-0.03,80,10000.0
621,0.5,-0.15,-0.03,160,10000.0
622,0.5,-0.15,-0.03,240,10000.0
623,0.5,-0.15,-0.03,320,10000.0
624,0.5,-0.15,-0.03,400,10000.0
625,0.5,-0.15,-0.01,1,10000.0
626,0.5,-0.15,-0.01,80,10000.0
627,0.5,-0.15,-0.01,160,10000.0
628,0.5,-0.15,-0.01,240,10000.0
629,0.5,-0.15,-0.01,320,10000.0
63,0.25,-0.1,-0.15,160,10000.0
630,0.5,-0.15,-0.01,400,10000.0
631,0.5,-0.15,0.01,1,10000.0
632,0.5,-0.15,0.01,80,10000.0
633,0.5,-0.15,0.01,160,10000.0
634,0.5,-0.15,0.01,240,10000.0
635,0.5,-0.15,0.01,320,10000.0
636,0.5,-0.15,0.01,400,10000.0
637,0.5,-0.15,0.03,1,10000.0
638,0.5,-0.15,0.03,80,10000.0
639,0.5,-0.15,0.03,160,10000.0
64,0.25,-0.1,-0.15,240,10000.0
640,0.5,-0.15,0.03,240,10000.0
641,0.5,-0.15,0.03,320,10000.0
642,0.5,-0.15,0.03,400,10000.0
643,0.5,-0.15,0.05,1,10000.0
644,0.5,-0.15,0.05,80,10000.0
645,0.5,-0.15,0.05,160,10000.0
646,0.5,-0.15,0.05,240,10000.0
647,0.5,-0.15,0.05,320,10000.0
648,0.5,-0.15,0.05,400,10000.0
649,0.5,-0.15,0.1,1,10000.0
65,0.25,-0.1,-0.15,320,10000.0
650,0.5,-0.15,0.1,80,10000.0
651,0.5,-0.15,0.1,160,10000.0
652,0.5,-0.15,0.1,240,10000.0
653,0.5,-0.15,0.1,320,10000.0
654,0.5,-0.15,0.1,400,10000.0
655,0.5,-0.15,0.15,1,10000.0
656,0.5,-0.15,0.15,80,10000.0
657,0.5,-0.15,0.15,160,10000.0
658,0.5,-0.15,0.15,240,10000.0
659,0.5,-0.15,0.15,320,10000.0
66,0.25,-0.1,-0.15,400,10000.0
660,0.5,-0.15,0.15,400,10000.0
661,0.5,-0.1,-0.15,1,10000.0
662,0.5,-0.1,-0.15,80,10000.0
663,0.5,-0.1,-0.15,160,10000.0
664,0.5,-0.1,-0.15,240,10000.0
665,0.5,-0.1,-0.15,320,10000.0
666,0.5,-0.1,-0.15,400,10000.0
667,0.5,-0.1,-0.1,1,10000.0
668,0.5,-0.1,-0.1,80,10000.0
669,0.5,-0.1,-0.1,160,10000.0
67,0.25,-0.1,-0.1,1,10000.0
670,0.5,-0.1,-0.1,240,10000.0
671,0.5,-0.1,-0.1,320,10000.0
672,0.5,-0.1,-0.1,400,10000.0
673,0.5,-0.1,-0.05,1,10000.0
674,0.5,-0.1,-0.05,80,10000.0
675,0.5,-0.1,-0.05,160,10000.0
676,0.5,-0.1,-0.05,240,10000.0
677,0.5,-0.1,-0.05,320,10000.0
678,0.5,-0.1,-0.05,400,10000.0
679,0.5,-0.1,-0.03,1,10000.0
68,0.25,-0.1,-0.1,80,10000.0
680,0.5,-0.1,-0.03,80,10000.0
681,0.5,-0.1,-0.03,160,10000.0
682,0.5,-0.1,-0.03,240,10000.0
683,0.5,-0.1,-0.03,320,10000.0
684,0.5,-0.1,-0.03,400,10000.0
685,0.5,-0.1,-0.01,1,10000.0
686,0.5,-0.1,-0.01,80,10000.0
687,0.5,-0.1,-0.01,160,10000.0
688,0.5,-0.1,-0.01,240,10000.0
689,0.5,-0.1,-0.01,320,10000.0
69,0.25,-0.1,-0.1,160,10000.0
690,0.5,-0.1,-0.01,400,10000.0
691,0.5,-0.1,0.01,1,10000.0
692,0.5,-0.1,0.01,80,10000.0
693,0.5,-0.1,0.01,160,10000.0
694,0.5,-0.1,0.01,240,10000.0
695,0.5,-0.1,0.01,320,10000.0
696,0.5,-0.1,0.01,400,10000.0
697,0.5,-0.1,0.03,1,10000.0
698,0.5,-0.1,0.03,80,10000.0
699,0.5,-0.1,0.03,160,10000.0
7,0.25,-0.15,-0.1,1,10000.0
70,0.25,-0.1,-0.1,240,10000.0
700,0.5,-0.1,0.03,240,10000.0
701,0.5,-0.1,0.03,320,10000.0
702,0.5,-0.1,0.03,400,10000.0
703,0.5,-0.1,0.05,1,10000.0
704,0.5,-0.1,0.05,80,10000.0
705,0.5,-0.1,0.05,160,10000.0
706,0.5,-0.1,0.05,240,10000.0
707,0.5,-0.1,0.05,320,10000.0
708,0.5,-0.1,0.05,400,10000.0
709,0.5,-0.1,0.1,1,10000.0
71,0.25,-0.1,-0.1,320,10000.0
710,0.5,-0.1,0.1,80,10000.0
711,0.5,-0.1,0.1,160,10000.0
712,0.5,-0.1,0.1,240,10000.0
713,0.5,-0.1,0.1,320,10000.0
714,0.5,-0.1,0.1,400,10000.0
715,0.5,-0.1,0.15,1,10000.0
716,0.5,-0.1,0.15,80,10000.0
717,0.5,-0.1,0.15,160,10000.0
718,0.5,-0.1,0.15,240,10000.0
719,0.5,-0.1,0.15,320,10000.0
72,0.25,-0.1,-0.1,400,10000.0
720,0.5,-0.1,0.15,400,10000.0
721,0.5,-0.05,-0.15,1,10000.0
722,0.5,-0.05,-0.15,80,10000.0
723,0.5,-0.05,-0.15,160,10000.0
724,0.5,-0.05,-0.15,240,10000.0
725,0.5,-0.05,-0.15,320,10000.0
726,0.5,-0.05,-0.15,400,10000.0
727,0.5,-0.05,-0.1,1,10000.0
728,0.5,-0.05,-0.1,80,10000.0
729,0.5,-0.05,-0.1,160,10000.0
73,0.25,-0.1,-0.05,1,10000.0
730,0.5,-0.05,-0.1,240,10000.0
731,0.5,-0.05,-0.1,320,10000.0
732,0.5,-0.05,-0.1,400,10000.0
733,0.5,-0.05,-0.05,1,10000.0
734,0.5,-0.05,-0.05,80,10000.0
735,0.5,-0.05,-0.05,160,10000.0
736,0.5,-0.05,-0.05,240,10000.0
737,0.5,-0.05,-0.05,320,10000.0
738,0.5,-0.05,-0.05,400,10000.0
739,0.5,-0.05,-0.03,1,10000.0
74,0.25,-0.1,-0.05,80,10000.0
740,0.5,-0.05,-0.03,80,10000.0
741,0.5,-0.05,-0.03,160,10000.0
742,0.5,-0.05,-0.03,240,10000.0
743,0.5,-0.05,-0.03,320,10000.0
744,0.5,-0.05,-0.03,400,10000.0
745,0.5,-0.05,-0.01,1,10000.0
746,0.5,-0.05,-0.01,80,10000.0
747,0.5,-0.05,-0.01,160,10000.0
748,0.5,-0.05,-0.01,240,10000.0
749,0.5,-0.05,-0.01,320,10000.0
75,0.25,-0.1,-0.05,160,10000.0
750,0.5,-0.05,-0.01,400,10000.0
751,0.5,-0.05,0.01,1,10000.0
752,0.5,-0.05,0.01,80,10000.0
753,0.5,-0.05,0.01,160,10000.0
754,0.5,-0.05,0.01,240,10000.0
755,0.5,-0.05,0.01,320,10000.0
756,0.5,-0.05,0.01,400,10000.0
757,0.5,-0.05,0.03,1,10000.0
758,0.5,-0.05,0.03,80,10000.0
759,0.5,-0.05,0.03,160,10000.0
76,0.25,-0.1,-0.05,240,10000.0
760,0.5,-0.05,0.03,240,10000.0
761,0.5,-0.05,0.03,320,10000.0
762,0.5,-0.05,0.03,400,10000.0
763,0.5,-0.05,0.05,1,10000.0
764,0.5,-0.05,0.05,80,10000.0
765,0.5,-0.05,0.05,160,10000.0
766,0.5,-0.05,0.05,240,10000.0
767,0.5,-0.05,0.05,320,10000.0
768,0.5,-0.05,0.05,400,10000.0
769,0.5,-0.05,0.1,1,10000.0
77,0.25,-0.1,-0.05,320,10000.0
770,0.5,-0.05,0.1,80,10000.0
771,0.5,-0.05,0.1,160,10000.0
772,0.5,-0.05,0.1,240,10000.0
773,0.5,-0.05,0.1,320,10000.0
774,0.5,-0.05,0.1,400,10000.0
775,0.5,-0.05,0.15,1,10000.0
776,0.5,-0.05,0.15,80,10000.0
777,0.5,-0.05,0.15,160,10000.0
778,0.5,-0.05,0.15,240,10000.0
779,0.5,-0.05,0.15,320,10000.0
78,0.25,-0.1,-0.05,400,10000.0
780,0.5,-0.05,0.15,400,10000.0
781,0.5,-0.03,-0.15,1,10000.0
782,0.5,-0.03,-0.15,80,10000.0
783,0.5,-0.03,-0.15,160,10000.0
784,0.5,-0.03,-0.15,240,10000.0
785,0.5,-0.03,-0.15,320,10000.0
786,0.5,-0.03,-0.15,400,10000.0
787,0.5,-0.03,-0.1,1,10000.0
788,0.5,-0.03,-0.1,80,10000.0
789,0.5,-0.03,-0.1,160,10000.0
79,0.25,-0.1,-0.03,1,10000.0
790,0.5,-0.03,-0.1,240,10000.0
791,0.5,-0.03,-0.1,320,10000.0
792,0.5,-0.03,-0.1,400,10000.0
793,0.5,-0.03,-0.05,1,10000.0
794,0.5,-0.03,-0.05,80,10000.0
795,0.5,-0.03,-0.05,160,10000.0
796,0.5,-0.03,-0.05,240,10000.0
797,0.5,-0.03,-0.05,320,10000.0
798,0.5,-0.03,-0.05,400,10000.0
799,0.5,-0.03,-0.03,1,10000.0
8,0.25,-0.15,-0.1,80,10000.0
80,0.25,-0.1,-0.03,80,10000.0
800,0.5,-0.03,-0.03,80,10000.0
801,0.5,-0.03,-0.03,160,10000.0
802,0.5,-0.03,-0.03,240,10000.0
803,0.5,-0.03,-0.03,320,10000.0
804,0.5,-0.03,-0.03,400,10000.0
805,0.5,-0.03,-0.01,1,10000.0
806,0.5,-0.03,-0.01,80,10000.0
807,0.5,-0.03,-0.01,160,10000.0
808,0.5,-0.03,-0.01,240,10000.0
809,0.5,-0.03,-0.01,320,10000.0
81,0.25,-0.1,-0.03,160,10000.0
810,0.5,-0.03,-0.01,400,10000.0
811,0.5,-0.03,0.01,1,10000.0
812,0.5,-0.03,0.01,80,10000.0
813,0.5,-0.03,0.01,160,10000.0
814,0.5,-0.03,0.01,240,10000.0
815,0.5,-0.03,0.01,320,10000.0
816,0.5,-0.03,0.01,400,10000.0
817,0.5,-0.03,0.03,1,10000.0
818,0.5,-0.03,0.03,80,10000.0
819,0.5,-0.03,0.03,160,10000.0
82,0.25,-0.1,-0.03,240,10000.0
820,0.5,-0.03,0.03,240,10000.0
821,0.5,-0.03,0.03,320,10000.0
822,0.5,-0.03,0.03,400,10000.0
823,0.5,-0.03,0.05,1,10000.0
824,0.5,-0.03,0.05,80,10000.0
825,0.5,-0.03,0.05,160,10000.0
826,0.5,-0.03,0.05,240,10000.0
827,0.5,-0.03,0.05,320,10000.0
828,0.5,-0.03,0.05,400,10000.0
829,0.5,-0.03,0.1,1,10000.0
83,0.25,-0.1,-0.03,320,10000.0
830,0.5,-0.03,0.1,80,10000.0
831,0.5,-0.03,0.1,160,10000.0
832,0.5,-0.03,0.1,240,10000.0
833,0.5,-0.03,0.1,320,10000.0
834,0.5,-0.03,0.1,400,10000.0
835,0.5,-0.03,0.15,1,10000.0
836,0.5,-0.03,0.15,80,10000.0
837,0.5,-0.03,0.15,160,10000.0
838,0.5,-0.03,0.15,240,10000.0
839,0.5,-0.03,0.15,320,10000.0
84,0.25,-0.1,-0.03,400,10000.0
840,0.5,-0.03,0.15,400,10000.0
841,0.5,-0.01,-0.15,1,10000.0
842,0.5,-0.01,-0.15,80,10000.0
843,0.5,-0.01,-0.15,160,10000.0
844,0.5,-0.01,-0.15,240,10000.0
845,0.5,-0.01,-0.15,320,10000.0
846,0.5,-0.01,-0.15,400,10000.0
847,0.5,-0.01,-0.1,1,10000.0
848,0.5,-0.01,-0.1,80,10000.0
849,0.5,-0.01,-0.1,160,10000.0
85,0.25,-0.1,-0.01,1,10000.0
850,0.5,-0.01,-0.1,240,10000.0
851,0.5,-0.01,-0.1,320,10000.0
852,0.5,-0.01,-0.1,400,10000.0
853,0.5,-0.01,-0.05,1,10000.0
854,0.5,-0.01,-0.05,80,10000.0
855,0.5,-0.01,-0.05,160,10000.0
856,0.5,-0.01,-0.05,240,10000.0
857,0.5,-0.01,-0.05,320,10000.0
858,0.5,-0.01,-0.05,400,10000.0
859,0.5,-0.01,-0.03,1,10000.0
86,0.25,-0.1,-0.01,80,10000.0
860,0.5,-0.01,-0.03,80,10000.0
861,0.5,-0.01,-0.03,160,10000.0
862,0.5,-0.01,-0.03,240,10000.0
863,0.5,-0.01,-0.03,320,10000.0
864,0.5,-0.01,-0.03,400,10000.0
865,0.5,-0.01,-0.01,1,10000.0
866,0.5,-0.01,-0.01,80,10000.0
867,0.5,-0.01,-0.01,160,10000.0
868,0.5,-0.01,-0.01,240,10000.0
869,0.5,-0.01,-0.01,320,10000.0
87,0.25,-0.1,-0.01,160,10000.0
870,0.5,-0.01,-0.01,400,10000.0
871,0.5,-0.01,0.01,1,10000.0
872,0.5,-0.01,0.01,80,10000.0
873,0.5,-0.01,0.01,160,10000.0
874,0.5,-0.01,0.01,240,10000.0
875,0.5,-0.01,0.01,320,10000.0
876,0.5,-0.01,0.01,400,10000.0
877,0.5,-0.01,0.03,1,10000.0
878,0.5,-0.01,0.03,80,10000.0
879,0.5,-0.01,0.03,160,10000.0
88,0.25,-0.1,-0.01,240,10000.0
880,0.5,-0.01,0.03,240,10000.0
881,0.5,-0.01,0.03,320,10000.0
882,0.5,-0.01,0.03,400,10000.0
883,0.5,-0.01,0.05,1,10000.0
884,0.5,-0.01,0.05,80,10000.0
885,0.5,-0.01,0.05,160,10000.0
886,0.5,-0.01,0.05,240,10000.0
887,0.5,-0.01,0.05,320,10000.0
888,0.5,-0.01,0.05,400,10000.0
889,0.5,-0.01,0.1,1,10000.0
89,0.25,-0.1,-0.01,320,10000.0
890,0.5,-0.01,0.1,80,10000.0
891,0.5,-0.01,0.1,160,10000.0
892,0.5,-0.01,0.1,240,10000.0
893,0.5,-0.01,0.1,320,10000.0
894,0.5,-0.01,0.1,400,10000.0
895,0.5,-0.01,0.15,1,10000.0
896,0.5,-0.01,0.15,80,10000.0
897,0.5,-0.01,0.15,160,10000.0
898,0.5,-0.01,0.15,240,10000.0
899,0.5,-0.01,0.15,320,10000.0
9,0.25,-0.15,-0.1,160,10000.0
90,0.25,-0.1,-0.01,400,10000.0
900,0.5,-0.01,0.15,400,10000.0
901,0.5,0.01,-0.15,1,10000.0
902,0.5,0.01,-0.15,80,10000.0
903,0.5,0.01,-0.15,160,10000.0
904,0.5,0.01,-0.15,240,10000.0
905,0.5,0.01,-0.15,320,10000.0
906,0.5,0.01,-0.15,400,10000.0
907,0.5,0.01,-0.1,1,10000.0
908,0.5,0.01,-0.1,80,10000.0
909,0.5,0.01,-0.1,160,10000.0
91,0.25,-0.1,0.01,1,10000.0
910,0.5,0.01,-0.1,240,10000.0
911,0.5,0.01,-0.1,320,10000.0
912,0.5,0.01,-0.1,400,10000.0
913,0.5,0.01,-0.05,1,10000.0
914,0.5,0.01,-0.05,80,10000.0
915,0.5,0.01,-0.05,160,10000.0
916,0.5,0.01,-0.05,240,10000.0
917,0.5,0.01,-0.05,320,10000.0
918,0.5,0.01,-0.05,400,10000.0
919,0.5,0.01,-0.03,1,10000.0
92,0.25,-0.1,0.01,80,10000.0
920,0.5,0.01,-0.03,80,10000.0
921,0.5,0.01,-0.03,160,10000.0
922,0.5,0.01,-0.03,240,10000.0
923,0.5,0.01,-0.03,320,10000.0
924,0.5,0.01,-0.03,400,10000.0
925,0.5,0.01,-0.01,1,10000.0
926,0.5,0.01,-0.01,80,10000.0
927,0.5,0.01,-0.01,160,10000.0
928,0.5,0.01,-0.01,240,10000.0
929,0.5,0.01,-0.01,320,10000.0
93,0.25,-0.1,0.01,160,10000.0
930,0.5,0.01,-0.01,400,10000.0
931,0.5,0.01,0.01,1,10000.0
932,0.5,0.01,0.01,80,10000.0
933,0.5,0.01,0.01,160,10000.0
934,0.5,0.01,0.01,240,10000.0
935,0.5,0.01,0.01,320,10000.0
936,0.5,0.01,0.01,400,10000.0
937,0.5,0.01,0.03,1,10000.0
938,0.5,0.01,0.03,80,10000.0
939,0.5,0.01,0.03,160,10000.0
94,0.25,-0.1,0.01,240,10000.0
940,0.5,0.01,0.03,240,10000.0
941,0.5,0.01,0.03,320,10000.0
942,0.5,0.01,0.03,400,10000.0
943,0.5,0.01,0.05,1,10000.0
944,0.5,0.01,0.05,80,10000.0
945,0.5,0.01,0.05,160,10000.0
946,0.5,0.01,0.05,240,10000.0
947,0.5,0.01,0.05,320,10000.0
948,0.5,0.01,0.05,400,10000.0
949,0.5,0.01,0.1,1,10000.0
95,0.25,-0.1,0.01,320,10000.0
950,0.5,0.01,0.1,80,10000.0
951,0.5,0.01,0.1,160,10000.0
952,0.5,0.01,0.1,240,10000.0
953,0.5,0.01,0.1,320,10000.0
954,0.5,0.01,0.1,400,10000.0
955,0.5,0.01,0.15,1,10000.0
956,0.5,0.01,0.15,80,10000.0
957,0.5,0.01,0.15,160,10000.0
958,0.5,0.01,0.15,240,10000.0
959,0.5,0.01,0.15,320,10000.0
96,0.25,-0.1,0.01,400,10000.0
960,0.5,0.01,0.15,400,10000.0
961,0.5,0.03,-0.15,1,10000.0
962,0.5,0.03,-0.15,80,10000.0
963,0.5,0.03,-0.15,160,10000.0
964,0.5,0.03,-0.15,240,10000.0
965,0.5,0.03,-0.15,320,10000.0
966,0.5,0.03,-0.15,400,10000.0
967,0.5,0.03,-0.1,1,10000.0
968,0.5,0.03,-0.1,80,10000.0
969,0.5,0.03,-0.1,160,10000.0
97,0.25,-0.1,0.03,1,10000.0
970,0.5,0.03,-0.1,240,10000.0
971,0.5,0.03,-0.1,320,10000.0
972,0.5,0.03,-0.1,400,10000.0
973,0.5,0.03,-0.05,1,10000.0
974,0.5,0.03,-0.05,80,10000.0
975,0.5,0.03,-0.05,160,10000.0
976,0.5,0.03,-0.05,240,10000.0
977,0.5,0.03,-0.05,320,10000.0
978,0.5,0.03,-0.05,400,10000.0
979,0.5,0.03,-0.03,1,10000.0
98,0.25,-0.1,0.03,80,10000.0
980,0.5,0.03,-0.03,80,10000.0
981,0.5,0.03,-0.03,160,10000.0
982,0.5,0.03,-0.03,240,10000.0
983,0.5,0.03,-0.03,320,10000.0
984,0.5,0.03,-0.03,400,10000.0
985,0.5,0.03,-0.01,1,10000.0
986,0.5,0.03,-0.01,80,10000.0
987,0.5,0.03,-0.01,160,10000.0
988,0.5,0.03,-0.01,240,10000.0
989,0.5,0.03,-0.01,320,10000.0
99,0.25,-0.1,0.03,160,10000.0
990,0.5,0.03,-0.01,400,10000.0
991,0.5,0.03,0.01,1,10000.0
992,0.5,0.03,0.01,80,10000.0
993,0.5,0.03,0.01,160,10000.0
994,0.5,0.03,0.01,240,10000.0
995,0.5,0.03,0.01,320,10000.0
996,0.5,0.03,0.01,400,10000.0
997,0.5,0.03,0.03,1,10000.0
998,0.5,0.03,0.03,80,10000.0
999,0.5,0.03,0.03,160,10000.0
